CREATE DATABASE  IF NOT EXISTS `gestion_granjas` /*!40100 DEFAULT CHARACTER SET utf8 */;
USE `gestion_granjas`;
-- MySQL dump 10.13  Distrib 5.7.12, for Win64 (x86_64)
--
-- Host: localhost    Database: gestion_granjas
-- ------------------------------------------------------
-- Server version	5.7.14-log

/*!40101 SET @OLD_CHARACTER_SET_CLIENT=@@CHARACTER_SET_CLIENT */;
/*!40101 SET @OLD_CHARACTER_SET_RESULTS=@@CHARACTER_SET_RESULTS */;
/*!40101 SET @OLD_COLLATION_CONNECTION=@@COLLATION_CONNECTION */;
/*!40101 SET NAMES utf8 */;
/*!40103 SET @OLD_TIME_ZONE=@@TIME_ZONE */;
/*!40103 SET TIME_ZONE='+00:00' */;
/*!40014 SET @OLD_UNIQUE_CHECKS=@@UNIQUE_CHECKS, UNIQUE_CHECKS=0 */;
/*!40014 SET @OLD_FOREIGN_KEY_CHECKS=@@FOREIGN_KEY_CHECKS, FOREIGN_KEY_CHECKS=0 */;
/*!40101 SET @OLD_SQL_MODE=@@SQL_MODE, SQL_MODE='NO_AUTO_VALUE_ON_ZERO' */;
/*!40111 SET @OLD_SQL_NOTES=@@SQL_NOTES, SQL_NOTES=0 */;

--
-- Table structure for table `bitacora_cuotas`
--

DROP TABLE IF EXISTS `bitacora_cuotas`;
/*!40101 SET @saved_cs_client     = @@character_set_client */;
/*!40101 SET character_set_client = utf8 */;
CREATE TABLE `bitacora_cuotas` (
  `id` int(11) NOT NULL AUTO_INCREMENT,
  `periodo` varchar(2) DEFAULT NULL,
  `anio` varchar(4) DEFAULT NULL,
  `servicio` int(11) DEFAULT NULL,
  `fecha_registro` date DEFAULT NULL,
  `usuario_registro` varchar(45) DEFAULT NULL,
  PRIMARY KEY (`id`)
) ENGINE=InnoDB AUTO_INCREMENT=16 DEFAULT CHARSET=utf8;
/*!40101 SET character_set_client = @saved_cs_client */;

--
-- Dumping data for table `bitacora_cuotas`
--

LOCK TABLES `bitacora_cuotas` WRITE;
/*!40000 ALTER TABLE `bitacora_cuotas` DISABLE KEYS */;
INSERT INTO `bitacora_cuotas` VALUES (1,'05','2015',2,'2016-09-12','TEST'),(2,'01','2015',2,'2016-09-12',NULL),(3,'02','2015',2,'2016-09-12',NULL),(4,'03','2015',2,'2016-09-12',NULL),(5,'04','2015',2,'2016-09-12',NULL),(6,'06','2015',2,'2016-09-12',NULL),(7,'07','2015',2,'2016-09-12',NULL),(8,'08','2015',2,'2016-09-12',NULL),(9,'09','2015',2,'2016-09-12',NULL),(10,'10','2015',2,'2016-09-12',NULL),(11,'11','2015',2,'2016-09-12',NULL),(12,'12','2015',2,'2016-09-12',NULL),(13,'01','2016',2,'2016-09-13','system'),(14,'02','2016',2,'2016-09-13','system'),(15,'01','2016',3,'2016-09-14','root');
/*!40000 ALTER TABLE `bitacora_cuotas` ENABLE KEYS */;
UNLOCK TABLES;

--
-- Table structure for table `cat_anio`
--

DROP TABLE IF EXISTS `cat_anio`;
/*!40101 SET @saved_cs_client     = @@character_set_client */;
/*!40101 SET character_set_client = utf8 */;
CREATE TABLE `cat_anio` (
  `id` int(11) NOT NULL AUTO_INCREMENT,
  `anio` varchar(4) DEFAULT NULL,
  `estatus` varchar(2) DEFAULT NULL,
  `fecha_registro` date DEFAULT NULL,
  PRIMARY KEY (`id`)
) ENGINE=InnoDB AUTO_INCREMENT=6 DEFAULT CHARSET=utf8;
/*!40101 SET character_set_client = @saved_cs_client */;

--
-- Dumping data for table `cat_anio`
--

LOCK TABLES `cat_anio` WRITE;
/*!40000 ALTER TABLE `cat_anio` DISABLE KEYS */;
INSERT INTO `cat_anio` VALUES (1,'2015','I','2016-09-01'),(2,'2016','A','2016-09-01'),(3,'2017','P','2016-09-01'),(4,'2018','P','2016-09-01'),(5,'2019','P',NULL);
/*!40000 ALTER TABLE `cat_anio` ENABLE KEYS */;
UNLOCK TABLES;

--
-- Table structure for table `cat_bancos`
--

DROP TABLE IF EXISTS `cat_bancos`;
/*!40101 SET @saved_cs_client     = @@character_set_client */;
/*!40101 SET character_set_client = utf8 */;
CREATE TABLE `cat_bancos` (
  `id_banco` int(11) NOT NULL AUTO_INCREMENT,
  `banco` varchar(100) DEFAULT NULL,
  `cuenta_contable` varchar(45) DEFAULT NULL,
  `subcuenta_contable` varchar(45) DEFAULT NULL,
  `estatus` varchar(2) DEFAULT 'A',
  `fecha_registro` date DEFAULT NULL,
  PRIMARY KEY (`id_banco`)
) ENGINE=InnoDB AUTO_INCREMENT=9 DEFAULT CHARSET=utf8;
/*!40101 SET character_set_client = @saved_cs_client */;

--
-- Dumping data for table `cat_bancos`
--

LOCK TABLES `cat_bancos` WRITE;
/*!40000 ALTER TABLE `cat_bancos` DISABLE KEYS */;
INSERT INTO `cat_bancos` VALUES (1,'BANAMEX',NULL,'1001-001','A','2016-08-25'),(2,'INBURSA',NULL,'1001-002','A','2016-08-27'),(3,'BANAMEX2',NULL,'1001-003','B','2016-08-25'),(4,'HSBC',NULL,'1001-003','A','2016-08-25'),(5,'BANORTE',NULL,'1001-004','A','2016-08-25'),(6,'BANREGIO',NULL,'1001-005','A','2016-08-27'),(7,'BANCOMER',NULL,'1001-006','A','2016-08-27'),(8,'S',NULL,'A','B','2016-08-26');
/*!40000 ALTER TABLE `cat_bancos` ENABLE KEYS */;
UNLOCK TABLES;

--
-- Table structure for table `cat_colonos`
--

DROP TABLE IF EXISTS `cat_colonos`;
/*!40101 SET @saved_cs_client     = @@character_set_client */;
/*!40101 SET character_set_client = utf8 */;
CREATE TABLE `cat_colonos` (
  `id_colono` int(11) NOT NULL AUTO_INCREMENT,
  `nombre` varchar(240) DEFAULT NULL,
  `direccion` text,
  `telefono` varchar(45) DEFAULT NULL,
  `correo` varchar(45) DEFAULT NULL,
  `cuenta_contable` varchar(45) DEFAULT NULL,
  `subcuenta_contable` varchar(45) DEFAULT NULL,
  `estatus` varchar(2) DEFAULT 'A',
  `fecha_registro` date DEFAULT NULL,
  PRIMARY KEY (`id_colono`)
) ENGINE=InnoDB AUTO_INCREMENT=466 DEFAULT CHARSET=utf8;
/*!40101 SET character_set_client = @saved_cs_client */;

--
-- Dumping data for table `cat_colonos`
--

LOCK TABLES `cat_colonos` WRITE;
/*!40000 ALTER TABLE `cat_colonos` DISABLE KEYS */;
INSERT INTO `cat_colonos` VALUES (1,'AARON RODRIGUEZ LICONA','','','','','0001','A','2016-01-10'),(2,'ABRAHAM SALOMON SAWAYA','','','','','0002','A','2016-01-10'),(3,'ABRAHAM SALOMON SAWAYA','','','','','0003','A','2016-01-10'),(4,'ADA LIZBETH LAGUNAS HERNANDEZ','','','','','0004','A','2016-01-10'),(5,'ADOLFO LOPEZ PEÑUÑURI','','','','','0005','A','2016-08-28'),(6,'ADRIAN RIVERA VAZQUEZ','','','','','0006','A','2016-01-10'),(7,'ADRIAN VALDES HERNANDEZ','','','','','0007','A','2016-01-10'),(8,'ADRIANA TORRES GARCIA','','','','','0008','A','2016-01-10'),(9,'ADRIANA JIMENEZ SANCHEZ','','','','','0009','A','2016-01-10'),(10,'ADRIANA RODRIGUEZ GARCIA DE MAYAGOITIA','','','','','0010','A','2016-01-10'),(11,'ADRIANA TORRES GARCIA','','','','','0011','A','2016-01-10'),(12,'ADRIANA ELIZABETH MONTAÑO GUILLEN','','','','','0012','A','2016-01-10'),(13,'ALBA GONZALEZ LARA','','','','','0013','A','2016-01-10'),(14,'ALBERTO ROMERO DE TERREROS','','','','','0014','A','2016-01-10'),(15,'ALEJANDRA VILLAR PERAZA','','','','','0015','A','2016-01-10'),(16,'ALEJANDRO GALINDO MORAN','','','','','0016','A','2016-01-10'),(17,'ALEJANDRO ZAMORA HERNANDEZ','','','','','0017','A','2016-01-10'),(18,'ALEJANDRO ISAAC TORRES GARCIA','','','','','0018','A','2016-01-10'),(19,'ALEJANDRO VERA ESCOBEDO / JORGE VERA ESCOBEDO','','','','','0019','A','2016-01-10'),(20,'ALEXANDRA MARGARITA SACHER SANTANA','','','','','0020','A','2016-01-10'),(21,'ALFONSO MARTINEZ VERA','','','','','0021','A','2016-01-10'),(22,'ALFREDO GONZALEZ GARCIA','','','','','0022','A','2016-01-10'),(23,'ALFREDO GONZALEZ GARCIA','','','','','0023','A','2016-01-10'),(24,'ALICIA GONZALEZ MENDOZA DE FRANCO (+)','','','','','0024','A','2016-01-10'),(25,'ALICIA VERONICA OROPEZA GARCIA','','','','','0025','A','2016-01-10'),(26,'AMELIA BASURTO DE RUIZ','','','','','0026','A','2016-01-10'),(27,'ANA PEREZ ZINSER','','','','','0027','A','2016-01-10'),(28,'ANA PEREZ ZINSER','','','','','0028','A','2016-01-10'),(29,'ANA BEATRIZ MORENO DIAZ Y COOPS','','','','','0029','A','2016-01-10'),(30,'ANA GABRIELA ALVAREZ MONROY','','','','','0030','A','2016-01-10'),(31,'ANA I CARO','','','','','0031','A','2016-01-10'),(32,'ANA LUCIA RIVERA RODRIGUEZ','','','','','0032','A','2016-01-10'),(33,'ANA MA. RAMOS A DE VILLASEÑOR MONICA RAMOS VILLASEÑOR','','','','','0033','A','2016-01-10'),(34,'ANA MARIA GUZMAN HAUPT DE ARRIOLA','','','','','0034','A','2016-01-10'),(35,'ANA MARIA MENDIOLA GALVAN','','','','','0035','A','2016-01-10'),(36,'ANDONI BARINAGARREMENTERIA','','','','','0036','A','2016-01-10'),(37,'ANDRES CABRERO MARIN','','','','','0037','A','2016-01-10'),(38,'ANGELICA FABIOLA PEREZ GARCIA','','','','','0038','A','2016-01-10'),(39,'ANTONIA CANUT SIMON','','','','','0039','A','2016-01-10'),(40,'ANTONIA CANUT SIMON','','','','','0040','A','2016-01-10'),(41,'ANTONIO QUEZADA BERMUDEZ','','','','','0041','A','2016-01-10'),(42,'ANTONIO PLATA MERCADO','','','','','0042','A','2016-01-10'),(43,'ARACELI RIVERA TORRES','','','','','0043','A','2016-01-10'),(44,'ARMANDO SCHIEVENINI ZANELLA','','','','','0044','A','2016-01-10'),(45,'ARMANDO MALO SANCHEZ','','','','','0045','A','2016-01-10'),(46,'ARMANDO GUZMAN MARTINEZ Y ANA MARIA HERRERA MOYEDA','','','','','0046','A','2016-01-10'),(47,'ARTURO DONIS MANJARREZ','','','','','0047','A','2016-01-10'),(48,'ARTURO HERRERA MARTINEZ','','','','','0048','A','2016-01-10'),(49,'ARTURO RAMIREZ MONROY','','','','','0049','A','2016-01-10'),(50,'ARTURO VALDEZ ZARDAIN','','','','','0050','A','2016-01-10'),(51,'ARTURO GARZA GUERRA','','','','','0051','A','2016-01-10'),(52,'ARTURO SILVA HERNANDEZ','','','','','0052','A','2016-01-10'),(53,'ASTRID AMPARO RODRIGUEZ MORENO','','','','','0053','A','2016-01-10'),(54,'BEATRIZ MASSO ROSALES','','','','','0054','A','2016-01-10'),(55,'BENIGNO FERNANDEZ AARUN','','','','','0055','A','2016-01-10'),(56,'BENJAMIN CERVANTES CADIEL','','','','','0056','A','2016-01-10'),(57,'BENJAMIN ODRIOZOLA JIMENEZ','','','','','0057','A','2016-01-10'),(58,'BERTHA / BENIGNO FERNANDEZ AARUN','','','','','0058','A','2016-01-10'),(59,'BLANCA ESTELA ODRIOZOLA CABALLERO','','','','','0059','A','2016-01-10'),(60,'CAMELLONES DEL FRACCIONAMIENTO','','','','','0060','A','2016-01-10'),(61,'CARLOS HERRERO SALAS E IRENE HERNANDEZ HERNANDEZ','','','','','0061','A','2016-01-10'),(62,'CARLOS OCHOA SALAZAR','','','','','0062','A','2016-01-10'),(63,'CARLOS RODRIGUEZ ISLAS','','','','','0063','A','2016-01-10'),(64,'CARLOS ROSCON PEREZ','','','','','0064','A','2016-01-10'),(65,'CARLOS ALBERTO RIVERA IBARRA Y KARLA TIRADO BAUZA','','','','','0065','A','2016-01-10'),(66,'CARLOS ALFONSO CANDELARIA LOPEZ','','','','','0066','A','2016-01-10'),(67,'CARLOS ALFONSO FERNANDEZ DIAZ-SARABIA','','','','','0067','A','2016-01-10'),(68,'CARLOS LENIN DIAZ HERNANDEZ','','','','','0068','A','2016-01-10'),(69,'CARLOS SARMINA HUERTA','','','','','0069','A','2016-01-10'),(70,'CARLOTA DIEZ LOREDO','','','','','0070','A','2016-01-10'),(71,'CARMEN PICHARDO DE LOPEZ','','','','','0071','A','2016-01-10'),(72,'CARMEN ERIKA CUAYAHUITL MARAVILLA','','','','','0072','A','2016-01-10'),(73,'CARMEN PATRICIA FUCHS GOMEZ','','','','','0073','A','2016-01-10'),(74,'CASA CLUB','','','','','0074','A','2016-01-10'),(75,'CASTOR GONZALEZ CUEVAS','','','','','0075','A','2016-01-10'),(76,'CECILIA JIMENEZ GOMEZ','','','','','0076','A','2016-01-10'),(77,'CELIA ROCIO HERNANDEZ GARCIA','','','','','0077','A','2016-01-10'),(78,'CESAR DE LA CRUZ VAZQUEZ','','','','','0078','A','2016-01-10'),(79,'CHAFIK, GUTIERREZ Y MARTINEZ TIRADO','','','','','0079','A','2016-01-10'),(80,'CHARLES BRYAN RICHARD NEWPHER','','','','','0080','A','2016-01-10'),(81,'CHARLES BRYAN RICHAD NEWPHER','','','','','0081','A','2016-01-10'),(82,'CIRILO BARBOSA CALDERON','','','','','0082','A','2016-01-10'),(83,'CLAUDIA RAMIREZ UGALDE','','','','','0083','A','2016-01-10'),(84,'CLAUDIA ALEJANDRA CULEBRO RAMIREZ','','','','','0084','A','2016-01-10'),(85,'CLAUDIA ARGEL LIMA ESPINOZA','','','','','0085','A','2016-01-10'),(86,'CLEMENTINA GONZALEZ MENDOZA','','','','','0086','A','2016-01-10'),(87,'CLEMENTINA GONZALEZ MENDOZA','','','','','0087','A','2016-01-10'),(88,'CONSUELO ALEJANDRA AMIN ELDIN GONZALEZ','','','','','0088','A','2016-01-10'),(89,'COROLIANO PAGANI GARLATTI','','','','','0089','A','2016-01-10'),(90,'CRISTINA ALMAZAN DUARTE','','','','','0090','A','2016-01-10'),(91,'CRISTINA FABIOLA / OTTO BRUNO ANDRADE LECHUGA','','','','','0091','A','2016-01-10'),(92,'CRISTOBAL JUAREZ CASTELLANOS Y ELOISA DE SANTIAGO MEJIA','','','','','0092','A','2016-01-10'),(93,'CRISTOBAL DE DIOS GLEASON','','','','','0093','A','2016-01-10'),(94,'DANIA MONICA CROSS LATOUR','','','','','0094','A','2016-01-10'),(95,'DANIEL CEJUDO MORALES','','','','','0095','A','2016-01-10'),(96,'DANILO GEROSA NEGRI','','','','','0096','A','2016-01-10'),(97,'DAVID ERWIN RANGEL DIAZ / RITA VALLARI ALTRISTE','','','','','0097','A','2016-01-10'),(98,'DIANA ARGOTE LEON / PEDRO SALDAÑA SANTOS','','','','','0098','A','2016-01-10'),(99,'DINORA VILCHES PLIEGO','','','','','0099','A','2016-01-10'),(100,'DINORA VILCHES PLIEGO','','','','','0100','A','2016-01-10'),(101,'DOLORES GAUNA DE GOMEZ','','','','','0101','A','2016-01-10'),(102,'EDGARDO BRAVO BECERRA Y GLAFIRA CASTILLO BARAJAS','','','','','0102','A','2016-01-10'),(103,'EDUARDO ALCAIDE KNEELAND Y/O MARICELA MIRANDA MERCADO','','','','','0103','A','2016-01-10'),(104,'EDUARDO CRISTO ALVAREZ','','','','','0104','A','2016-01-10'),(105,'EDUARDO DE LA BARCENA MUÑOZ','','','','','0105','A','2016-01-10'),(106,'EDUARDO MENENDEZ ACOSTA','','','','','0106','A','2016-01-10'),(107,'EDUARDO . OCHOA FERNANDEZ DEL CASTILLO','','','','','0107','A','2016-01-10'),(108,'EDUARDO CARLOS SANTOSCOY','','','','','0108','A','2016-01-10'),(109,'ELEAZAR FISCHER WIZEL / NORA QUINTERO DE PATIÑO','','','','','0109','A','2016-01-10'),(110,'ELEUDORIS SOLANO VALLEJO','','','','','0110','A','2016-01-10'),(111,'ELIZABETH VALENZUELA REMOLINA','','','','','0111','A','2016-01-10'),(112,'ELIZABETH DENIS TORRES ALONSO','','','','','0112','A','2016-01-10'),(113,'ELSA GABRIELA LOPEZ ORTIZ','','','','','0113','A','2016-01-10'),(114,'ELSA PONCE DE BORJA','','','','','0114','A','2016-01-10'),(115,'ELVIA LOURDES MENDOZA DEL RIO DE HERNANDEZ','','','','','0115','A','2016-01-10'),(116,'ELVIRA ADOMAITIS MATIKAS','','','','','0116','A','2016-01-10'),(117,'ELVIRA DIEZ ROCHE','','','','','0117','A','2016-01-10'),(118,'ELVIRA DIEZ Y ROCHE DE GONZALEZ','','','','','0118','A','2016-01-10'),(119,'EMILIO ALVAREZ GUZMAN','','','','','0119','A','2016-01-10'),(120,'EMILIO FERNANDEZ AARUN','','','','','0120','A','2016-01-10'),(121,'EMILIO MAZA ZAMORA Y SOC','','','','','0121','A','2016-01-10'),(122,'EMMA REYNA DAVILA','','','','','0122','A','2016-01-10'),(123,'ENRIQUE DE LA LUZ GONZALEZ Y CARMEN OLIVIA FRANCO HERNANDEZ','','','','','0123','A','2016-01-10'),(124,'ENRIQUE UROSA CANCHOLA / MANUEL BUSTAMANTE SANDOVAL','','','','','0124','A','2016-01-10'),(125,'ENRIQUETA PADILLA VELASQUEZ','','','','','0125','A','2016-01-10'),(126,'ERIKA SANTOYO REYES','','','','','0126','A','2016-01-10'),(127,'ERNESTINA LETICIA HIDALGO MUÑOZ','','','','','0127','A','2016-01-10'),(128,'ERNESTINA LETICIA BENAVIDEZ VELEZ / MARIA DEL CARMEN PALOU DE ARTEAGA','','','','','0128','A','2016-01-10'),(129,'ERNESTO PEREZ REA','','','','','0129','A','2016-01-10'),(130,'ERNESTO ALFONSO VALLEJO VENEGAS','','','','','0130','A','2016-01-10'),(131,'ESPERANZA VALENTINA CONTRERAS BERMUDEZ','','','','','0131','A','2016-01-10'),(132,'ESTHER ACEVES DE LIMA','','','','','0132','A','2016-01-10'),(133,'ESTRELLA MEDINA ESCAMILLA','','','','','0133','A','2016-01-10'),(134,'EUGENIA DOMINGUEZ LINAGE','','','','','0134','A','2016-01-10'),(135,'EUGENIA ESPUÑES COLOMES','','','','','0135','A','2016-01-10'),(136,'EUGENIO JANEIRO SARABIA','','','','','0136','A','2016-01-10'),(137,'EUSEBIO MARQUEZ BECERRIL','','','','','0137','A','2016-01-10'),(138,'EVA GUTIERREZ DE RUIZ DE CHAVEZ / EVA ROSALES DE GUTIERREZ','','','','','0138','A','2016-01-10'),(139,'EVANGELINA YLLESCAS DIAZ','','','','','0139','A','2016-01-10'),(140,'FELIX TARRATS ZIRION','','','','','0140','A','2016-01-10'),(141,'FIDELINA OBDILA PEREZ SANCHEZ','','','','','0141','A','2016-01-10'),(142,'FINANCIERA DEL NORTE / ALICIA ZAMORA DE GUZMAN','','','','','0142','A','2016-01-10'),(143,'FINANCIERA DEL NORTE / CARLOS AGUILAR SATIESTEBAN','','','','','0143','A','2016-01-10'),(144,'FINANCIERA DEL NORTE / LAURA CARRERA DE GUTIERREZ','','','','','0144','A','2016-01-10'),(145,'FLORENCIA GUADALUPE GORDILLO ROMAN','','','','','0145','A','2016-01-10'),(146,'FLORENCIO GOMEZ DIAZ','','','','','0146','A','2016-01-10'),(147,'FLORINDA LOZANO VILLARREAL','','','','','0147','A','2016-01-10'),(148,'FRANCISCO JAVIER BARBERENA QUEZADA','','','','','0148','A','2016-01-10'),(149,'FRANCISCO JAVIER BRISEÑO RAMIREZ','','','','','0149','A','2016-01-10'),(150,'GABRIELA ALCOCER GAMBA','','','','','0150','A','2016-01-10'),(151,'GABRIELA NAVEDA LOPEZ','','','','','0151','A','2016-01-10'),(152,'GALDINA LANDEROS TORRES','','','','','0152','A','2016-01-10'),(153,'GARMIN VIEYRA VILLEGAS','','','','','0153','A','2016-01-10'),(154,'GAUDALIA IBARRA PEREZ','','','','','0154','A','2016-01-10'),(155,'GEORGINA MARIA MATEO DE LA PEÑA','','','','','0155','A','2016-01-10'),(156,'GEORGINA MEDRANO GUTIERREZ GEORGINA Y GLORIA MEDRANO ','','','','','0156','A','2016-01-10'),(157,'GILBERTO ARRUBARENA GARCIA','','','','','0157','A','2016-01-10'),(158,'GILBERTO GERANDO ORTIZ CANTU / JOSE ORTIZ RIVERA','','','','','0158','A','2016-01-10'),(159,'GLORIA SCHIEVENINI ZANELLA','','','','','0159','A','2016-01-10'),(160,'GLORIA GONZALEZ DE LARA','','','','','0160','A','2016-01-10'),(161,'GLORIA MARISELA SANDOVAL MORELOS','','','','','0161','A','2016-01-10'),(162,'GLORIA MENENDEZ PEREZ','','','','','0162','A','2016-01-10'),(163,'GRACIELA GARZA GUERRA DE C','','','','','0163','A','2016-01-10'),(164,'GRACIELA HERNANDEZ SANTANA','','','','','0164','A','2016-01-10'),(165,'GRACIELA CASAS DE NORMAN','','','','','0165','A','2016-01-10'),(166,'GRACIELA PIEDAD FRANCO GONGORA DE BARRUTIA','','','','','0166','A','2016-01-10'),(167,'GUADALUPE VALDES VIZCARRA','','','','','0167','A','2016-01-10'),(168,'GUADALUPE ELENA VALENZUELA YEPIZ','','','','','0168','A','2016-01-10'),(169,'GUADALUPE LILIANA SANTILLAN RANGEL','','','','','0169','A','2016-01-10'),(170,'GUILLERMO OMAÑA ESPINOZA','','','','','0170','A','2016-01-10'),(171,'GUILLERMO MEZA TOLEDO','','','','','0171','A','2016-01-10'),(172,'GUILLERMO HINZPETER CASTAÑEDA ALICIA ZAMORA DE GUZMAN','','','','','0172','A','2016-01-10'),(173,'GUSTAVO GOMEZ REBELO','','','','','0173','A','2016-01-10'),(174,'GUSTAVO VIRUEGA AGUILAR','','','','','0174','A','2016-01-10'),(175,'GUSTAVO JARAMILLO ESCUTIA','','','','','0175','A','2016-01-10'),(176,'GUSTAVO ADOLFO FERRO MIER Y ELBA ALICIA ALVAREZ FIGUEROA','','','','','0176','A','2016-01-10'),(177,'GUSTAVO DEMETRIO GARRIDO MELGAR','','','','','0177','A','2016-01-10'),(178,'HANS LAUTERFELD','','','','','0178','A','2016-01-10'),(179,'HECTOR BORJA NAVARRO','','','','','0179','A','2016-01-10'),(180,'HECTOR DE LA LANZA ESPINO','','','','','0180','A','2016-01-10'),(181,'HECTOR JIMENEZ SEVERIANO','','','','','0181','A','2016-01-10'),(182,'HECTOR EDUARDO TORRES DEL TORO','','','','','0182','A','2016-01-10'),(183,'HECTOR LUIS HUITRON CARRILLO','','','','','0183','A','2016-01-10'),(184,'HERIBERTO GONZALEZ BELLO','','','','','0184','A','2016-01-10'),(185,'HERLINDA PATRICIA GONZALEZ GARCIA','','','','','0185','A','2016-01-10'),(186,'HILDA GLORIA CAREAGA DE CARRILLO','','','','','0186','A','2016-01-10'),(187,'HILDA MARTHA IBARRA AGUILAR / VICTOR MANUEL TAMEZ Y HERNANDEZ','','','','','0187','A','2016-01-10'),(188,'HOLGER HANS DORING SIEMMERS','','','','','0188','A','2016-01-10'),(189,'HUGO ANTONIO KIEL GALLARDO','','','','','0189','A','2016-01-10'),(190,'HUMBERTO ALFARO VILLICAÑA','','','','','0190','A','2016-01-10'),(191,'ICNACIO SANCHEZ GUILLEN','','','','','0191','A','2016-01-10'),(192,'ILIANA DOLORES DOMINGUEZ REYNOSO Y LEOPOLDO RAMON DOMINGUEZ','','','','','0192','A','2016-01-10'),(193,'IMELDA OVIEDO PATTERSON','','','','','0193','A','2016-01-10'),(194,'INMOBILIARIA MMB, S.A. DE C.V. GUSTAVO BELTRAN ENRIQUEZ','','','','','0194','A','2016-01-10'),(195,'IRMA POINTELIN NIETO','','','','','0195','A','2016-01-10'),(196,'IRMA LETICIA DAVALOS FLORES','','','','','0196','A','2016-01-10'),(197,'J ANTONIO COLMENARES SALINAS Y SOC','','','','','0197','A','2016-01-10'),(198,'JAIME CORDOVA LUEVANO','','','','','0198','A','2016-01-10'),(199,'JAN ERHARDT VARELA','','','','','0199','A','2016-01-10'),(200,'JAVIER ORTIZ ALBA','','','','','0200','A','2016-01-10'),(201,'JAVIER BAZ WICHERS','','','','','0201','A','2016-01-10'),(202,'JAVIER DIAZ ARREOLA','','','','','0202','A','2016-01-10'),(203,'JAVIER MUÑOZ PINEDA','','','','','0203','A','2016-01-10'),(204,'JESUS VELASCO RODRIGUEZ','','','','','0204','A','2016-01-10'),(205,'JESUS DE LAS MERCEDES FALCON AGUILAR','','','','','0205','A','2016-01-10'),(206,'JESUS LOZANO GUERRA ','','','','','0206','A','2016-01-10'),(207,'JESUS RAMIREZ ALVAREZ Y SOC / BENITO RAMIREZ MARTINEZ','','','','','0207','A','2016-01-10'),(208,'JORGE ANCONA JUANES','','','','','0208','A','2016-01-10'),(209,'JORGE MONTES ESCOBEDO','','','','','0209','A','2016-01-10'),(210,'JORGE VILLANUEVA VILLANUEVA','','','','','0210','A','2016-01-10'),(211,'JORGE ALEJANDRO SANCHEZ ARTEAGA','','','','','0211','A','2016-01-10'),(212,'JORGE ALFONSO STAMATIO LEON MALDONADO CURIEL','','','','','0212','A','2016-01-10'),(213,'JORGE MARTEL SORIANO RIVERA','','','','','0213','A','2016-01-10'),(214,'JOSE DELISSALDE ARISTI','','','','','0214','A','2016-01-10'),(215,'JOSE ALBERTO SILVA URRUTIA','','','','','0215','A','2016-01-10'),(216,'JOSE ANGEL DAVALOS GUTIERREZ','','','','','0216','A','2016-01-10'),(217,'JOSE ANTONIO GARCIA ROMERO','','','','','0217','A','2016-01-10'),(218,'JOSE ANTONIO HERNANDEZ MONTOYA','','','','','0218','A','2016-01-10'),(219,'JOSE ANTONIO HERNANDEZ MONTOYA','','','','','0219','A','2016-01-10'),(220,'JOSE ANTONIO PEREZ MARTINEZ','','','','','0220','A','2016-01-10'),(221,'JOSE CARLOS LOPEZ DE LA ROSA','','','','','0221','A','2016-01-10'),(222,'JOSE DE LA DIVINA INFANTITA A.C.','','','','','0222','A','2016-01-10'),(223,'JOSE ENRIQUE PINEDA BLANCARTE','','','','','0223','A','2016-01-10'),(224,'JOSE ENRIQUE RIVAS Y LORIA','','','','','0224','A','2016-01-10'),(225,'JOSE FERNANDO ESCOBAR MARTINEZ','','','','','0225','A','2016-01-10'),(226,'JOSE JAVIER SAENZ IRUN','','','','','0226','A','2016-01-10'),(227,'JOSE LUIS DAVALOS MIRANDA','','','','','0227','A','2016-01-10'),(228,'JOSE LUIS LEO RAMIREZ','','','','','0228','A','2016-01-10'),(229,'JOSE LUIS MARTINEZ','','','','','0229','A','2016-01-10'),(230,'JOSE LUIS MARTINEZ DIEZ','','','','','0230','A','2016-01-10'),(231,'JOSE LUIS MORENO VELEZ / MARIA ELENA MORENO VEGA','','','','','0231','A','2016-01-10'),(232,'JOSE MANUEL CAMACHO BERRUETA','','','','','0232','A','2016-01-10'),(233,'JOSE MANUEL CASTRO DELGADO','','','','','0233','A','2016-01-10'),(234,'JOSE MANUEL, PATRICIA I GPE, IVETTE Y CLAUDIA BEJARANO GONZALEZ','','','','','0234','A','2016-01-10'),(235,'JOSE MARIO AMARO SANCHEZ','','','','','0235','A','2016-01-10'),(236,'JOSE RAMON SALVADOR LOPEZ','','','','','0236','A','2016-01-10'),(237,'JOSE RICARDO CAMPOS CAMPOS','','','','','0237','A','2016-01-10'),(238,'JOSEFINA BUENDIA BUENDIA','','','','','0238','A','2016-01-10'),(239,'JOSEFINA MASSO ROSALES','','','','','0239','A','2016-01-10'),(240,'JUAN ANTONIO (+) GARCIA MURO','','','','','0240','A','2016-01-10'),(241,'JUAN CARLOS MIRANDA GARIBAY','','','','','0241','A','2016-01-10'),(242,'JUAN MANUEL QUINTERO LOZA','','','','','0242','A','2016-01-10'),(243,'JUAN MANUEL TERAN CONTRERAS','','','','','0243','A','2016-01-10'),(244,'JUAN MIGUEL GALINDO RAMOS','','','','','0244','A','2016-01-10'),(245,'JUAN NAZARIO AHUATZIN PONCE','','','','','0245','A','2016-01-10'),(246,'JUDITH RODRIGUEZ GARCIA','','','','','0246','A','2016-01-10'),(247,'JULIA MARTHA CERBON PACHECO','','','','','0247','A','2016-01-10'),(248,'JULIAN HAMDAN CERDA','','','','','0248','A','2016-01-10'),(249,'JULIANE CONCEPCION ESPINOSA TOVILLA','','','','','0249','A','2016-01-10'),(250,'JULIETA SERDIO DE PEREZ REA','','','','','0250','A','2016-01-10'),(251,'KATHIA LILIA LARA JONGUITUD','','','','','0251','A','2016-01-10'),(252,'LAURA FLORES GAMIO','','','','','0252','A','2016-01-10'),(253,'LAYLA GALINDO HANUN','','','','','0253','A','2016-01-10'),(254,'LEOPOLDO LOPEZ SILVA','','','','','0254','A','2016-01-10'),(255,'LETICIA REYNA AVALOS','','','','','0255','A','2016-01-10'),(256,'LETICIA ALONSO DE OROZCO ALBERTO OROZCO ESTRADA','','','','','0256','A','2016-01-10'),(257,'LETICIA JIMENEZ GAMA','','','','','0257','A','2016-01-10'),(258,'LILIA PATRICIA VILLASEÑOR MARTINEZ','','','','','0258','A','2016-01-10'),(259,'LIZETTE CONTENTE HERNANDEZ Y COPROP.','','','','','0259','A','2016-01-10'),(260,'LLUHI STERNA DE I MERCEDES Y S. / JOSE LUIS IÑIGUEZ ALCAIDE','','','','','0260','A','2016-01-10'),(261,'LORENA AGRIPINA PINETE MORALES','','','','','0261','A','2016-01-10'),(262,'LORENA ESCORZA BORGES','','','','','0262','A','2016-01-10'),(263,'LORENA, CRISTINA / OLGA LOZANO FRAUSTRO','','','','','0263','A','2016-01-10'),(264,'LOURDES HERMINIA PERALTA DOMINGUEZ','','','','','0264','A','2016-01-10'),(265,'LUIS ALTAMIRANO FISCH Y GERARDO UGALDE ','','','','','0265','A','2016-01-10'),(266,'LUIS CABRERA RETANA','','','','','0266','A','2016-01-10'),(267,'LUIS FERNANDO MARTINEZ NEGRETE','','','','','0267','A','2016-01-10'),(268,'LUIS PATRICIO CADENA SOSA','','','','','0268','A','2016-01-10'),(269,'LUISA ROMO DE VAZQUEZ','','','','','0269','A','2016-01-10'),(270,'LYDIA VILCHIS ESTRADA','','','','','0270','A','2016-09-04'),(271,'MA. CLARA MONJARAS HUITRON DE M / ERNESTO MORALES PONCE','','','','','0271','A','2016-01-10'),(272,'MA. DE LOS ANGELES PONCE BAUTISTA / MARIO RODRIGUEZ REYES','','','','','0272','A','2016-01-10'),(273,'MA. DE LOS ANGELES VEGA GAMA DE V','','','','','0273','A','2016-01-10'),(274,'MA. DEL CARMEN FATIMA SOTO RODRIGUEZ','','','','','0274','A','2016-01-10'),(275,'MA. DEL ROSARIO PRUNEDA GUITRON','','','','','0275','A','2016-01-10'),(276,'MA. DEL SOCORRO TREVIÑO AMADOR','','','','','0276','A','2016-01-10'),(277,'MA. ELENA GONZALEZ MIRANDA','','','','','0277','A','2016-01-10'),(278,'MA. ELIZABETH RASSVETAIEFF VELA DE BEICK','','','','','0278','A','2016-01-10'),(279,'MA. EUGENIA GOMEZ DE GARCIA','','','','','0279','A','2016-01-10'),(280,'MA. EUGENIA REVILLA CARLOS','','','','','0280','A','2016-01-10'),(281,'MA. EUGENIA VIVEROS DE AVILA','','','','','0281','A','2016-01-10'),(282,'MA. ISABEL FERNANDEZ DE OROZCO / LETICIA ALONSO DE OROZCO','','','','','0282','A','2016-01-10'),(283,'MA. ISABEL SUAREZ JIMENEZ DE GOMEZ','','','','','0283','A','2016-01-10'),(284,'MA. JESUS AVALOS AVALOS','','','','','0284','A','2016-01-10'),(285,'MA. LAURA VELAZQUEZ DE AGUILAR / GUILLERMO AGUILAR SANTOS','','','','','0285','A','2016-01-10'),(286,'MA. LOURDES ROMAN CLERCH','','','','','0286','A','2016-01-10'),(287,'MA. LUISA HERNANDEZ IBARGUENGOITIA','','','','','0287','A','2016-01-10'),(288,'MA. LUISA OCHOA FERNANDEZ / SERGIO NAVEDA PEREZ Y DEMAS','','','','','0288','A','2016-01-10'),(289,'MA. ROSALIA Y ALVARO HERNANDEZ MERCADO BOITES MARTINEZ','','','','','0289','A','2016-01-10'),(290,'MA. TERESA OLVERA VAZQUEZ','','','','','0290','A','2016-01-10'),(291,'MA. TERESA F. MARTINEZ VILLALOBOS DE MURGUIA','','','','','0291','A','2016-01-10'),(292,'MA. TERESA GPE ROSAS ESPINDOLA Y COOP','','','','','0292','A','2016-01-10'),(293,'MAGDALENA CASTAÑON DE LUJAN','','','','','0293','A','2016-01-10'),(294,'MAGDALENA FLORES HERNANDEZ','','','','','0294','A','2016-01-10'),(295,'MAJURE DESARROLLOS S A DE C V.','','','','','0295','A','2016-01-10'),(296,'MANUEL DIAZ RUIZ','','','','','0296','A','2016-01-10'),(297,'MANUEL ROBERT CASTILLON','','','','','0297','A','2016-01-10'),(298,'MANUEL TOLEDANO AYALA','','','','','0298','A','2016-01-10'),(299,'MANUEL GUZMAN MORENO Y TERESITA GABRIELA URDAPILLETA SANCHEZ','','','','','0299','A','2016-01-10'),(300,'MANUEL SANCHEZ AGUIRRE','','','','','0300','A','2016-01-10'),(301,'MANUEL VIÑAS CORREA','','','','','0301','A','2016-01-10'),(302,'MANUELA HEVER CASTREJON ACOSTA DE CUETO','','','','','0302','A','2016-01-10'),(303,'MARCELA CONDE DE ANDA','','','','','0303','A','2016-01-10'),(304,'MARCO ANTONIO CAMPOS PARADAN','','','','','0304','A','2016-01-10'),(305,'MARCOS DAVID CANALES LAGUNAS','','','','','0305','A','2016-01-10'),(306,'MARGARITA ACOSTA CIENFUEGOS','','','','','0306','A','2016-01-10'),(307,'MARGARITA FIGUEROA CAMPOS','','','','','0307','A','2016-01-10'),(308,'MARGOT MENDEZ DE PANIAGUA','','','','','0308','A','2016-01-10'),(309,'MARIA DE LA LUZ MARTINEZ GARCIA DE MÛGGENBURG','','','','','0309','A','2016-01-10'),(310,'MARIA ALICIA SAID GONZALEZ','','','','','0310','A','2016-01-10'),(311,'MARIA AMERICA OCAMPO DAVALOS','','','','','0311','A','2016-01-10'),(312,'MARIA CONCEPCION ALCANTARA FERNANDEZ HUMBERTO ESPEJEL MOCTEZUMA','','','','','0312','A','2016-01-10'),(313,'MARIA CRISTINA PERALTA SANMARTIN','','','','','0313','A','2016-01-10'),(314,'MARIA DE LA MERCEDES HERMELINA LUQUE COQUI','','','','','0314','A','2016-01-10'),(315,'MARIA DE LOS DOLORES MADRIGAL DE OLMOS','','','','','0315','A','2016-01-10'),(316,'MARIA DE LOURDES SOTO DE PADILLA','','','','','0316','A','2016-01-10'),(317,'MARIA DE LOURDES VALENCIA VELASCO','','','','','0317','A','2016-01-10'),(318,'MARIA DE LOURDES Y MARIA DEL ROSARIO MORALES CARRERA','','','','','0318','A','2016-01-10'),(319,'MARIA DEL SOCORRO CORREA NOYOLA','','','','','0319','A','2016-01-10'),(320,'MARIA ESTELA MORA JIMENEZ','','','','','0320','A','2016-01-10'),(321,'MARIA EUGENIA ALVAREZ RAMOS','','','','','0321','A','2016-01-10'),(322,'MARIA FRANCIA ACASUSO SIGNORET','','','','','0322','A','2016-01-10'),(323,'MARIA GUADALUPE JIMENEZ OROPEZA','','','','','0323','A','2016-01-10'),(324,'MARIA GUADALUPE MORENO Y AGUIRRE','','','','','0324','A','2016-01-10'),(325,'MARIA ISABEL CARREIRO PEREZ','','','','','0325','A','2016-01-10'),(326,'MARIA ISABEL FERNANDEZ DE ARRUBARENA','','','','','0326','A','2016-01-10'),(327,'MARIA LIVIER GALLARDO MUÑOZ','','','','','0327','A','2016-01-10'),(328,'MARIA TERESA ISLAS ACOSTA','','','','','0328','A','2016-01-10'),(329,'MARIA TERESA OROZCO D´HYVER','','','','','0329','A','2016-01-10'),(330,'MARIA TERESA SERDIO CASTRO DE JUAREZ','','','','','0330','A','2016-01-10'),(331,'MARIA TERESA VALENZUELA REMOLINA','','','','','0331','A','2016-01-10'),(332,'MARIA TERESA ALVAREZ DE VAZQUEZ','','','','','0332','A','2016-01-10'),(333,'MARIA TERESA MARTINEZ Y GARCIA TRAVESI','','','','','0333','A','2016-01-10'),(334,'MARIA TRINIDAD GOMEZ SANCHEZ','','','','','0334','A','2016-01-10'),(335,'MARIBEL ROMERO CORONEL','','','','','0335','A','2016-01-10'),(336,'MARIO MUNGUIA DELGADILLO (+)','','','','','0336','A','2016-01-10'),(337,'MARIO SCHIEVENINI ZANELLA','','','','','0337','A','2016-01-10'),(338,'MARIO SCHIEVENINI ZANELLA','','','','','0338','A','2016-01-10'),(339,'MARISELA GIRON COLUNGA','','','','','0339','A','2016-01-10'),(340,'MARTA FERNANDEZ GARCIA','','','','','0340','A','2016-01-10'),(341,'MARTHA FONSECA TOLSA','','','','','0341','A','2016-01-10'),(342,'MARTHA GUERRESI SOMOHANO','','','','','0342','A','2016-01-10'),(343,'MARTHA ELENA STEIN DE ZIMERMAN','','','','','0343','A','2016-01-10'),(344,'MARTHA ELISA POZO PIER','','','','','0344','A','2016-01-10'),(345,'MARTHA ELVIRA CORONA URIOSTEGUI','','','','','0345','A','2016-01-10'),(346,'MARTHA PATRICIA RIVERA VAZQUEZ','','','','','0346','A','2016-01-10'),(347,'MARTHA ROXANA GOMEZ TOSCANA','','','','','0347','A','2016-01-10'),(348,'MATILDE YAÑEZ MARTINEZ','','','','','0348','A','2016-01-10'),(349,'MAURICIO MENDEZ MATA','','','','','0349','A','2016-01-10'),(350,'MAURICIO AMBROSI HERRERA','','','','','0350','A','2016-01-10'),(351,'MAURICIO Y MARIA ELEONORA PAGANI GARLATTI','','','','','0351','A','2016-01-10'),(352,'MAWRIO VERA LABARRIOS / MARIO HERRERA','','','','','0352','A','2016-01-10'),(353,'MAYER SHOENFELDER DE POHLENZ / DIETRICH POHLENZ','','','','','0353','A','2016-01-10'),(354,'MERCADOS NACIONALES S.A.DE C.V.','','','','','0354','A','2016-01-10'),(355,'MERCEDES MARES CARDENAS','','','','','0355','A','2016-01-10'),(356,'MIGUEL Y RICARDO VICENTE EGUIA','','','','','0356','A','2016-01-10'),(357,'MIGUEL ANGEL SALAS GOMEZ Y MARIA DEL CARMEN VILLAFUERTE RUIZ','','','','','0357','A','2016-01-10'),(358,'MIGUEL BECERRA BASAL Y SOC / MA. DE LOURDES BECERRA BASSAL','','','','','0358','A','2016-01-10'),(359,'MIGUEL DARIO CAMBEROS HERNANDEZ','','','','','0359','A','2016-01-10'),(360,'MIGUEL DE JESUS VILCHIS SERVIN','','','','','0360','A','2016-01-10'),(361,'MIGUEL, GILBERTO Y ERNESTO GARCIA RUIZ','','','','','0361','A','2016-01-10'),(362,'MINERVA ORTEGA LOPEZ Y PATRICIA MARISOL BERMEJO VARGAS','','','','','0362','A','2016-01-10'),(363,'MIRENCHU GARCIA DE COTO','','','','','0363','A','2016-01-10'),(364,'MIRIAM PATRICIA SCHRAVESANDE ROMAN','','','','','0364','A','2016-01-10'),(365,'MONICA GRAUE TOUSAINT','','','','','0365','A','2016-01-10'),(366,'MONICA GRAUE TOUSAINT','','','','','0366','A','2016-01-10'),(367,'MONICA ISABEL SERRANO SANCHEZ Y LUIS DIEGO FERNANDEZ SERRANO','','','','','0367','A','2016-01-10'),(368,'MYRIAM ESTHER JIMENEZ DE COMPEAN','','','','','0368','A','2016-01-10'),(369,'NANCY ARBONA SALDAÑA','','','','','0369','A','2016-01-10'),(370,'NANCY BARRIOS MONTAÑO','','','','','0370','A','2016-01-10'),(371,'NAOMI RUTH SUSS NIED','','','','','0371','A','2016-01-10'),(372,'NORMA SU LOO','','','','','0372','A','2016-01-10'),(373,'OCTAVIO GONZALEZ DE ARAGON','','','','','0373','A','2016-01-10'),(374,'OCTAVIO RAMON GONZALEZ DIAZ','','','','','0374','A','2016-01-10'),(375,'OLGA IBARRA TELLEZ','','','','','0375','A','2016-01-10'),(376,'OLGA ALEJANDRINA MARTINEZ CHAVEZ','','','','','0376','A','2016-01-10'),(377,'ORIETTE CECILIA MARQUEZ TODD','','','','','0377','A','2016-01-10'),(378,'OSCAR MASCORRO TELLEZ Y KARLA LILIANA PIÑERA DOMINGUEZ','','','','','0378','A','2016-01-10'),(379,'OSCAR EDGAR MONTOYA SANCHEZ','','','','','0379','A','2016-01-10'),(380,'OSCAR IGNACIO LOPEZ NEGRETE','','','','','0380','A','2016-01-10'),(381,'OSCAR MANUEL BECERRIL RAMIREZ','','','','','0381','A','2016-01-10'),(382,'OSCAR MORALES GARZA Y MARIA DEL ROSARIO TREVIÑO AMADOR','','','','','0382','A','2016-01-10'),(383,'PATRICIA ANAYA IBAÑEZ Y JERRY TEAGUE O HEA DE ICAZA','','','','','0383','A','2016-01-10'),(384,'PATRICIA CARRERA OREA','','','','','0384','A','2016-01-10'),(385,'PATRICIA CASTILLO GOMEZ','','','','','0385','A','2016-01-10'),(386,'PATRICIA VIEZCA LOPEZ','','','','','0386','A','2016-01-10'),(387,'PATRICIA MARIA DOLORES HERNANDEZ ESPARZA','','','','','0387','A','2016-01-10'),(388,'PEDRO CARREON SIERRA','','','','','0388','A','2016-01-10'),(389,'PERLA ALICIA BAUTISTA MENDIETA Y JUAN SEBASTIAN DELGADO TRUJILLO','','','','','0389','A','2016-01-10'),(390,'PILAR RUISANCHEZ DE BUSTAMANTE','','','','','0390','A','2016-01-10'),(391,'RAFAEL DELGADO FALCON','','','','','0391','A','2016-01-10'),(392,'RAFAEL LIMON HERNANDEZ Y REYNA ISABEL MONROY OLIVAS','','','','','0392','A','2016-01-10'),(393,'RAFAEL OLIVERA PUENTE','','','','','0393','A','2016-01-10'),(394,'RAMIRO ZAPATA SALAS','','','','','0394','A','2016-01-10'),(395,'RANFERI NEGRETE ESPINDOLA','','','','','0395','A','2016-01-10'),(396,'RAUL ESPERON ABURTO','','','','','0396','A','2016-01-10'),(397,'RAUL GOMEZ GALINDO','','','','','0397','A','2016-01-10'),(398,'RAUL FRAQDE THOMASSINY / ROBERTO FRADE OCHOA','','','','','0398','A','2016-01-10'),(399,'RAUL LOPEZ MARTINEZ','','','','','0399','A','2016-01-10'),(400,'REBECA HERNANDEZ DE MORENO','','','','','0400','A','2016-01-10'),(401,'RENATE LUISE HINZPETER KICK / ARTURO GUZMAN CRUZ','','','','','0401','A','2016-01-10'),(402,'REYNA ISABEL MONROY OLIVARES','','','','','0402','A','2016-01-10'),(403,'RICARDO ARCEO ARCEO','','','','','0403','A','2016-01-10'),(404,'RICARDO BERMUDEZ JARQUIN','','','','','0404','A','2016-01-10'),(405,'RICARDO PALACIOS PORRAS','','','','','0405','A','2016-01-10'),(406,'RICARDO MARTINEZ DE SAMANIEGO','','','','','0406','A','2016-01-10'),(407,'RICARDO, ALEJANDRO Y CARLOS VALDES GOMEZ','','','','','0407','A','2016-01-10'),(408,'ROBERTO ESCALANTE AGUILAR','','','','','0408','A','2016-01-10'),(409,'ROBERTO SALDAÑA MARISCAL','','','','','0409','A','2016-01-10'),(410,'ROCIO VIVEROS BAZALDUA','','','','','0410','A','2016-01-10'),(411,'ROCIO NIETO DE DORANTES','','','','','0411','A','2016-01-10'),(412,'RODOLFO ZAMARRON MONTALVO','','','','','0412','A','2016-01-10'),(413,'RODRIGO DIAZ DIAZ','','','','','0413','A','2016-01-10'),(414,'ROGELIO MEDINA VILLANUEVA','','','','','0414','A','2016-01-10'),(415,'ROLV INGE TRENGEREID','','','','','0415','A','2016-01-10'),(416,'ROMAN BIELETTO BARRIENTOS','','','','','0416','A','2016-01-10'),(417,'ROSA GHI DE YEE','','','','','0417','A','2016-01-10'),(418,'ROSA MA. ENGRACIA ACASUSO DE COETO','','','','','0418','A','2016-01-10'),(419,'ROSA MARIA MADRIGAL DE MALDONADO','','','','','0419','A','2016-01-10'),(420,'ROSA MARIA VALERO DE MARTINEZ','','','','','0420','A','2016-01-10'),(421,'ROSA MARIA Y PATRICIA REYES GONZALEZ','','','','','0421','A','2016-01-10'),(422,'ROSA MARINA NEYRA AVENDAÑO','','','','','0422','A','2016-01-10'),(423,'ROSALBA JIMENEZ VDA DE CALDERON','','','','','0423','A','2016-01-10'),(424,'ROSALINDA MARQUEZ ALVAREZ DE E','','','','','0424','A','2016-01-10'),(425,'ROSARIO DE FATIMA MUÑOZ LEZAMA / OCTAVIO RAMON GONZALEZ DIAZ','','','','','0425','A','2016-01-10'),(426,'ROSARIO IRIBE BRIGAS','','','','','0426','A','2016-01-10'),(427,'ROXANA PERALTA DOMINGUEZ','','','','','0427','A','2016-01-10'),(428,'RUBEN SOL MALDONADO MADRIGAL','','','','','0428','A','2016-01-10'),(429,'SALVADOR CONTRERAS MONTIEL','','','','','0429','A','2016-01-10'),(430,'SALVADOR GARCIA HIGAREDA','','','','','0430','A','2016-01-10'),(431,'SALVADOR XIMENEZ ESPARZA','','','','','0431','A','2016-01-10'),(432,'SALVADOR RODRIGUEZ MARTINEZ NORMA ANGELICA PEREZ TORRES','','','','','0432','A','2016-01-10'),(433,'SALVADOR VICENTE ALISEDA SOTO','','','','','0433','A','2016-01-10'),(434,'SAMUEL MARIN GARCIA','','','','','0434','A','2016-01-10'),(435,'SAMUEL CAPON M. / RENE RANGEL VERGARA','','','','','0435','A','2016-01-10'),(436,'SERGIO ARMANDO VILLA RUIZ','','','','','0436','A','2016-01-10'),(437,'SERGIO E GONZALEZ DE COSIO ANAYA','','','','','0437','A','2016-01-10'),(438,'SERGIO GUILLERMO MUZQUIZ MALDONADO','','','','','0438','A','2016-01-10'),(439,'SHAMLL MARTINEZ MENDOZA','','','','','0439','A','2016-01-10'),(440,'SHANA FRANCES RECORD Y DANIEL LEE RECORD','','','','','0440','A','2016-01-10'),(441,'SILVIA ILIANA MARTINEZ RIVERA','','','','','0441','A','2016-01-10'),(442,'SOLEDAD BARBARA CALDERON YAÑEZ Y LEONARDO BUCIO VILLANUEVA','','','','','0442','A','2016-01-10'),(443,'SONIA GUILLERMINA FERNANDEZ','','','','','0443','A','2016-01-10'),(444,'SONIA MARIA GUILLERMINA RIVERO HERNANDEZ','','','','','0444','A','2016-01-10'),(445,'TERESA SANTAMARIA CANSECO DE DIAZ','','','','','0445','A','2016-01-10'),(446,'TERESITA TELLA SAIZ DE OCHOA','','','','','0446','A','2016-01-10'),(447,'TOMAS DECELIS MACIAK','','','','','0447','A','2016-01-10'),(448,'TOMAS RODRIGUEZ FLORIDO','','','','','0448','A','2016-01-10'),(449,'TOMAS MAURICIO RODRIGUEZ GOMEZ','','','','','0449','A','2016-01-10'),(450,'TOMAS MIRANDA MENDOZA','','','','','0450','A','2016-01-10'),(451,'UNION DE CREDITO PARA EL DESARROLLO ECONOMICO','','','','','0451','A','2016-01-10'),(452,'VERNE LIZANO POVEDANO','','','','','0452','A','2016-01-10'),(453,'VERONICA ACEVES SALAZAR','','','','','0453','A','2016-01-10'),(454,'VERONICA ODRIZOLA CABALLERO DE LOZANO','','','','','0454','A','2016-01-10'),(455,'VICTOR CASTAÑEDA TERAN','','','','','0455','A','2016-01-10'),(456,'VICTOR MANUEL TAMEZ Y HERNANDEZ','','','','','0456','A','2016-01-10'),(457,'VICTOR, GERARDO JULIO, BRENDA TORRES SOSA','','','','','0457','A','2016-01-10'),(458,'VIEYRA FRANCO DEFNE E. Y HNAS. / JESUS MUCIO VIEYRA MORENO','','','','','0458','A','2016-01-10'),(459,'VIOLA CRUZ VILLAR DE HERNANDEZ','','','','','0459','A','2016-01-10'),(460,'VIRGINIA TREVIÑO DE LARA','','','','','0460','A','2016-01-10'),(461,'YARITZA LISSETTE RESENDIZ ESTRADA','','','','','0461','A','2016-01-10'),(462,'YOLANDA CECILIANO MORALES','','','','','0462','A','2016-01-10'),(463,'YVONNE ERIKA BARRERA CASASOLA Y GERARDO GALICIA OROPEZA','','','','','0463','A','2016-01-10'),(464,'CRISTHIAN','','','',NULL,'0464','A','2016-09-04'),(465,'HUGUI','','','',NULL,'0465','A','2016-09-13');
/*!40000 ALTER TABLE `cat_colonos` ENABLE KEYS */;
UNLOCK TABLES;

--
-- Table structure for table `cat_conceptos`
--

DROP TABLE IF EXISTS `cat_conceptos`;
/*!40101 SET @saved_cs_client     = @@character_set_client */;
/*!40101 SET character_set_client = utf8 */;
CREATE TABLE `cat_conceptos` (
  `id_concepto` int(11) NOT NULL AUTO_INCREMENT,
  `concepto` varchar(100) DEFAULT NULL,
  `estatus` varchar(2) DEFAULT NULL,
  `fecha_registro` date DEFAULT NULL,
  PRIMARY KEY (`id_concepto`)
) ENGINE=InnoDB DEFAULT CHARSET=utf8;
/*!40101 SET character_set_client = @saved_cs_client */;

--
-- Dumping data for table `cat_conceptos`
--

LOCK TABLES `cat_conceptos` WRITE;
/*!40000 ALTER TABLE `cat_conceptos` DISABLE KEYS */;
/*!40000 ALTER TABLE `cat_conceptos` ENABLE KEYS */;
UNLOCK TABLES;

--
-- Table structure for table `cat_estatus`
--

DROP TABLE IF EXISTS `cat_estatus`;
/*!40101 SET @saved_cs_client     = @@character_set_client */;
/*!40101 SET character_set_client = utf8 */;
CREATE TABLE `cat_estatus` (
  `id` int(11) NOT NULL AUTO_INCREMENT,
  `clave` varchar(2) NOT NULL,
  `Descripcion` varchar(100) CHARACTER SET utf8 COLLATE utf8_spanish_ci DEFAULT NULL,
  `fecha_registro` date DEFAULT NULL,
  PRIMARY KEY (`id`)
) ENGINE=InnoDB AUTO_INCREMENT=7 DEFAULT CHARSET=utf8;
/*!40101 SET character_set_client = @saved_cs_client */;

--
-- Dumping data for table `cat_estatus`
--

LOCK TABLES `cat_estatus` WRITE;
/*!40000 ALTER TABLE `cat_estatus` DISABLE KEYS */;
INSERT INTO `cat_estatus` VALUES (1,'A','Activo','2016-09-01'),(2,'V','Vencido','2016-09-01'),(3,'S','Saldado','2016-09-01'),(4,'C','Convenio','2016-09-01'),(5,'I','Inactivo','2016-09-01'),(6,'p','Pendiente','2016-09-01');
/*!40000 ALTER TABLE `cat_estatus` ENABLE KEYS */;
UNLOCK TABLES;

--
-- Table structure for table `cat_funcionalidad`
--

DROP TABLE IF EXISTS `cat_funcionalidad`;
/*!40101 SET @saved_cs_client     = @@character_set_client */;
/*!40101 SET character_set_client = utf8 */;
CREATE TABLE `cat_funcionalidad` (
  `id_funcionalidad` int(11) NOT NULL AUTO_INCREMENT,
  `funcionalidad` varchar(60) DEFAULT NULL,
  `fecha_registro` varchar(12) DEFAULT NULL,
  `estatus` date DEFAULT NULL,
  PRIMARY KEY (`id_funcionalidad`)
) ENGINE=InnoDB DEFAULT CHARSET=utf8 COMMENT='Catalogo de las funcionalidades por modulo';
/*!40101 SET character_set_client = @saved_cs_client */;

--
-- Dumping data for table `cat_funcionalidad`
--

LOCK TABLES `cat_funcionalidad` WRITE;
/*!40000 ALTER TABLE `cat_funcionalidad` DISABLE KEYS */;
/*!40000 ALTER TABLE `cat_funcionalidad` ENABLE KEYS */;
UNLOCK TABLES;

--
-- Table structure for table `cat_lotes`
--

DROP TABLE IF EXISTS `cat_lotes`;
/*!40101 SET @saved_cs_client     = @@character_set_client */;
/*!40101 SET character_set_client = utf8 */;
CREATE TABLE `cat_lotes` (
  `id_lote` int(11) NOT NULL AUTO_INCREMENT,
  `lote` varchar(10) DEFAULT NULL,
  `id_manzana` int(11) DEFAULT NULL,
  `id_colono` int(11) DEFAULT NULL,
  `metros_cuadrados` double DEFAULT NULL,
  `estatus` varchar(2) DEFAULT 'A',
  `fecha_registro` date DEFAULT NULL,
  PRIMARY KEY (`id_lote`)
) ENGINE=InnoDB AUTO_INCREMENT=508 DEFAULT CHARSET=utf8 COMMENT='determina los m2 del lote y la manzana a la que pertenece.';
/*!40101 SET character_set_client = @saved_cs_client */;

--
-- Dumping data for table `cat_lotes`
--

LOCK TABLES `cat_lotes` WRITE;
/*!40000 ALTER TABLE `cat_lotes` DISABLE KEYS */;
INSERT INTO `cat_lotes` VALUES (1,'1',1,178,2500.33,'A','2016-01-01'),(2,'2',1,7,1743,'A','2016-01-01'),(3,'3',1,210,5325.89,'A','2016-01-01'),(4,'4A',1,371,2625,'A','2016-01-01'),(5,'4B',1,371,2625,'A','2016-01-01'),(6,'5A',1,361,2625,'A','2016-01-01'),(7,'5B',1,361,2625.02,'A','2016-01-01'),(8,'6A',1,32,2625.02,'A','2016-01-01'),(9,'6B',1,380,2625,'A','2016-01-01'),(10,'7',1,441,2624.98,'A','2016-01-01'),(11,'8A',1,125,2541.01,'A','2016-01-01'),(12,'8B',1,79,2541,'A','2016-01-01'),(13,'9',1,278,2625,'A','2016-01-01'),(14,'10',1,114,4200,'A','2016-01-01'),(15,'11',1,137,3496.29,'A','2016-01-01'),(16,'12',1,259,3400,'A','2016-01-01'),(17,'13A',1,259,2600,'A','2016-01-01'),(18,'13B',1,294,2600,'A','2016-01-01'),(19,'14A',1,247,2600.17,'A','2016-01-01'),(20,'14B',1,30,2600.12,'A','2016-01-01'),(21,'15A',1,414,2505,'A','2016-01-01'),(22,'15B',1,444,2504.91,'A','2016-01-01'),(23,'16',1,201,2600,'A','2016-01-01'),(24,'17',1,462,5200,'A','2016-01-01'),(25,'18',1,344,2600,'A','2016-01-01'),(26,'19',1,14,5200,'A','2016-01-01'),(27,'20',1,3,5200,'A','2016-01-01'),(28,'21',1,2,4050,'A','2016-01-01'),(29,'99',1,411,1500,'A','2016-01-01'),(30,'99-A',1,74,100,'A','2016-01-01'),(31,'99-A',1,74,100,'A','2016-01-01'),(32,'99-A',1,74,200,'A','2016-01-01'),(33,'99-A',1,74,100,'A','2016-01-01'),(34,'99-B',1,60,238.28,'A','2016-01-01'),(35,'99-B',1,60,238.28,'A','2016-01-01'),(36,'99-B',1,60,238.28,'A','2016-01-01'),(37,'99-B',1,60,238.28,'A','2016-01-01'),(38,'99-C',1,60,2500,'A','2016-01-01'),(39,'99-C',1,60,2500,'A','2016-01-01'),(40,'99-C',1,60,417,'A','2016-01-01'),(41,'99-C',1,60,416,'A','2016-01-01'),(42,'1',2,212,2726,'A','2016-01-01'),(43,'2A',2,84,2636,'A','2016-01-01'),(44,'2B',2,342,2636,'A','2016-01-01'),(45,'3A',2,177,2624,'A','2016-01-01'),(46,'3B',2,169,2623.71,'A','2016-01-01'),(47,'4A',2,122,2626,'A','2016-01-01'),(48,'4B',2,122,2623,'A','2016-01-01'),(49,'5A',2,233,2622.34,'A','2016-01-01'),(50,'5B',2,310,2622.34,'A','2016-01-01'),(51,'6',2,16,5684.55,'A','2016-01-01'),(52,'7A',2,10,1487,'A','2016-01-01'),(53,'7B',2,426,1486.75,'A','2016-01-01'),(54,'7C',2,460,1486,'A','2016-01-01'),(55,'8',2,349,6680.32,'A','2016-01-01'),(56,'9',2,73,2600,'A','2016-01-01'),(57,'10A',2,451,2528.02,'A','2016-01-01'),(58,'10B',2,48,2528,'A','2016-01-01'),(59,'11',2,173,5199.93,'A','2016-01-01'),(60,'12',2,157,2631,'A','2016-01-01'),(61,'13',2,226,4483,'A','2016-01-01'),(62,'14',2,336,3998,'A','2016-01-01'),(63,'15',2,424,4087,'A','2016-01-01'),(64,'1A',3,63,1010,'A','2016-01-01'),(65,'1B',3,127,1634.39,'A','2016-01-01'),(66,'1C',3,56,1634,'A','2016-01-01'),(67,'2A',3,163,2625,'A','2016-01-01'),(68,'2B',3,59,2625,'A','2016-01-01'),(69,'3',3,282,5249,'A','2016-01-01'),(70,'4',3,256,5249,'A','2016-01-01'),(71,'5',3,206,5248.95,'A','2016-01-01'),(72,'6',3,222,5249.14,'A','2016-01-01'),(73,'7',3,222,2625,'A','2016-01-01'),(74,'8',3,346,5250,'A','2016-01-01'),(75,'9',3,421,2623.76,'A','2016-01-01'),(76,'9-A',3,289,2625.76,'A','2016-01-01'),(77,'10',3,25,2626,'A','2016-01-01'),(78,'11',3,262,2625.78,'A','2016-01-01'),(79,'12',3,15,2626,'A','2016-01-01'),(80,'13',3,358,2628,'A','2016-01-01'),(81,'14',3,358,2625,'A','2016-01-01'),(82,'15',3,358,2630,'A','2016-01-01'),(83,'16A',3,358,2108,'A','2016-01-01'),(84,'16B',3,358,3393,'A','2016-01-01'),(85,'17A',3,284,4061.92,'A','2016-01-01'),(86,'17B',3,161,3974.33,'A','2016-01-01'),(87,'18',3,50,3886.78,'A','2016-01-01'),(88,'19-A',3,386,2514.22,'A','2016-01-01'),(89,'19-B',3,269,2813.2,'A','2016-01-01'),(90,'20A',3,204,2761.6,'A','2016-01-01'),(91,'20B',3,234,2672,'A','2016-01-01'),(92,'21A',3,203,2034,'A','2016-01-01'),(93,'21B',3,179,2016,'A','2016-01-01'),(94,'22A',3,194,1970,'A','2016-01-01'),(95,'22B',3,220,2087,'A','2016-01-01'),(96,'23',3,431,5200,'A','2016-01-01'),(97,'24',3,211,2600,'A','2016-01-01'),(98,'25-A',3,183,2599,'A','2016-01-01'),(99,'25-B',3,276,2500,'A','2016-01-01'),(100,'26',3,304,5198.93,'A','2016-01-01'),(101,'27',3,340,2599.04,'A','2016-01-01'),(102,'28',3,399,5198.21,'A','2016-01-01'),(103,'29',3,255,5197.32,'A','2016-01-01'),(104,'30',3,49,2598.71,'A','2016-01-01'),(105,'31',3,439,2599,'A','2016-01-01'),(106,'32',3,439,2598,'A','2016-01-01'),(107,'33',3,224,2600,'A','2016-01-01'),(108,'34',3,110,4500,'A','2016-01-01'),(109,'35',3,396,4840,'A','2016-01-01'),(110,'36A',3,40,2603,'A','2016-01-01'),(111,'36B',3,39,2192,'A','2016-01-01'),(112,'37A',3,279,2670,'A','2016-01-01'),(113,'37B',3,217,2732,'A','2016-01-01'),(114,'38',3,152,2805,'A','2016-01-01'),(115,'39A',3,412,2752,'A','2016-01-01'),(116,'39B',3,198,2751.81,'A','2016-01-01'),(117,'1',4,351,3700,'A','2016-01-01'),(118,'2A',4,196,2500,'A','2016-01-01'),(119,'2B',4,91,2500,'A','2016-01-01'),(120,'2C',4,253,2500,'A','2016-01-01'),(121,'2D',4,275,2500,'A','2016-01-01'),(122,'3',4,89,2500,'A','2016-01-01'),(123,'4A',4,133,2500,'A','2016-01-01'),(124,'4B',4,417,5000,'A','2016-01-01'),(125,'4C',4,324,2500,'A','2016-01-01'),(126,'5',4,313,6246,'A','2016-01-01'),(127,'6',4,306,2507.04,'A','2016-01-01'),(128,'7',4,105,4200,'A','2016-01-01'),(129,'8',4,238,3452,'A','2016-01-01'),(130,'9',4,82,6500,'A','2016-01-01'),(131,'10',4,248,10000.05,'A','2016-01-01'),(132,'11A',4,239,4914,'A','2016-01-01'),(133,'11B',4,239,2587,'A','2016-01-01'),(134,'11C',4,54,2499.35,'A','2016-01-01'),(135,'12A',4,232,2500,'A','2016-01-01'),(136,'12B',4,215,2500,'A','2016-01-01'),(137,'12C',4,227,2500,'A','2016-01-01'),(138,'12D',4,30,2500,'A','2016-01-01'),(139,'13',4,11,6480,'A','2016-01-01'),(140,'14',4,456,5400,'A','2016-01-01'),(141,'15',4,435,3557,'A','2016-01-01'),(142,'16',4,435,3557,'A','2016-01-01'),(143,'17',4,166,3247.3,'A','2016-01-01'),(144,'17-B',4,202,2792.69,'A','2016-01-01'),(145,'1',5,35,4581,'A','2016-01-01'),(146,'2',5,35,5099.99,'A','2016-01-01'),(147,'3',5,35,5100,'A','2016-01-01'),(148,'4',5,35,5100.07,'A','2016-01-01'),(149,'5',5,387,5066.26,'A','2016-01-01'),(150,'6',5,123,6846.99,'A','2016-01-01'),(151,'7',5,299,3030,'A','2016-01-01'),(152,'8',5,118,4510,'A','2016-01-01'),(153,'9',5,75,5000,'A','2016-01-01'),(154,'10',5,168,4000,'A','2016-01-01'),(155,'11',5,117,4295,'A','2016-01-01'),(156,'12',5,287,4600,'A','2016-01-01'),(157,'13',5,297,3315,'A','2016-01-01'),(158,'1',6,367,3118.61,'A','2016-01-01'),(159,'2',6,140,3108.15,'A','2016-01-01'),(160,'3A',6,21,2575,'A','2016-01-01'),(161,'3B',6,363,2575,'A','2016-01-01'),(162,'4',6,88,2574.69,'A','2016-01-01'),(163,'5',6,382,2575,'A','2016-01-01'),(164,'6',6,291,2575,'A','2016-01-01'),(165,'7',6,98,2575.51,'A','2016-01-01'),(166,'8',6,288,4558,'A','2016-01-01'),(167,'9',6,213,5149,'A','2016-01-01'),(168,'10',6,338,2574.35,'A','2016-01-01'),(169,'11',6,337,2575.13,'A','2016-01-01'),(170,'12',6,167,2733,'A','2016-01-01'),(171,'13',6,175,2631,'A','2016-01-01'),(172,'14',6,390,3611,'A','2016-01-01'),(173,'15',6,318,2420,'A','2016-01-01'),(174,'16',6,139,2479,'A','2016-01-01'),(175,'17A',6,307,2601,'A','2016-01-01'),(176,'17B',6,17,2662,'A','2016-01-01'),(177,'18A',6,181,2828,'A','2016-01-01'),(178,'18B',6,323,2827.47,'A','2016-01-01'),(179,'19',6,44,7558.23,'A','2016-01-01'),(180,'20',6,327,5149.68,'A','2016-01-01'),(181,'21',6,409,5149.06,'A','2016-01-01'),(182,'22',6,391,2576,'A','2016-01-01'),(183,'23',6,24,2575,'A','2016-01-01'),(184,'24',6,354,5148.47,'A','2016-01-01'),(185,'25',6,433,2605.19,'A','2016-01-01'),(186,'26A',6,251,2571.46,'A','2016-01-01'),(187,'26B',6,274,2567.63,'A','2016-01-01'),(188,'27A',6,135,2568,'A','2016-01-01'),(189,'27B',6,42,2571,'A','2016-01-01'),(190,'28A',6,230,2585,'A','2016-01-01'),(191,'28B',6,230,2562,'A','2016-01-01'),(192,'29A',6,230,2585,'A','2016-01-01'),(193,'29B',6,223,2576,'A','2016-01-01'),(194,'30A',6,267,2569,'A','2016-01-01'),(195,'30B',6,12,2576,'A','2016-01-01'),(196,'31A',6,80,2572,'A','2016-01-01'),(197,'31B',6,364,2579,'A','2016-01-01'),(198,'32A',6,381,2198,'A','2016-01-01'),(199,'32B',6,185,2202,'A','2016-01-01'),(200,'33A',6,131,3177,'A','2016-01-01'),(201,'33B',6,106,3292.44,'A','2016-01-01'),(202,'1',7,353,4095,'A','2016-01-01'),(203,'2A',7,272,2600,'A','2016-01-01'),(204,'2B',7,149,2469,'A','2016-01-01'),(205,'3A',7,111,2600,'A','2016-01-01'),(206,'3B',7,150,2529,'A','2016-01-01'),(207,'4A',7,280,2671,'A','2016-01-01'),(208,'4B',7,221,2600,'A','2016-01-01'),(209,'5',7,263,2600.02,'A','2016-01-01'),(210,'6A',7,308,2600,'A','2016-01-01'),(211,'6B',7,446,2600,'A','2016-01-01'),(212,'7A',7,55,2438,'A','2016-01-01'),(213,'7B',7,58,2600,'A','2016-01-01'),(214,'8A',7,434,2623,'A','2016-01-01'),(215,'8B',7,120,2600,'A','2016-01-01'),(216,'9A',7,8,2000,'A','2016-01-01'),(217,'9B',7,11,3200,'A','2016-01-01'),(218,'10A',7,126,2593,'A','2016-01-01'),(219,'10B',7,43,2600,'A','2016-01-01'),(220,'11A',7,395,2600,'A','2016-01-01'),(221,'11B',7,395,2599,'A','2016-01-01'),(222,'12A',7,9,2600.12,'A','2016-01-01'),(223,'12B',7,240,2600,'A','2016-01-01'),(224,'13',7,146,4010,'A','2016-01-01'),(225,'14',7,283,3295,'A','2016-01-01'),(226,'15',7,300,3195,'A','2016-01-01'),(227,'16A',7,455,2442.5,'A','2016-01-01'),(228,'16B',7,83,2442.5,'A','2016-01-01'),(229,'17A',7,53,2448,'A','2016-01-01'),(230,'17B',7,47,2448,'A','2016-01-01'),(231,'18-A',7,302,2600,'A','2016-01-01'),(232,'18-B',7,302,2500,'A','2016-01-01'),(233,'19A',7,31,2550,'A','2016-01-01'),(234,'19B',7,277,2250,'A','2016-01-01'),(235,'20A',7,457,2549.99,'A','2016-01-01'),(236,'20B',7,249,2550,'A','2016-01-01'),(237,'21A',7,33,2495,'A','2016-01-01'),(238,'21B',7,156,2495,'A','2016-01-01'),(239,'22A',7,356,2625,'A','2016-01-01'),(240,'22B',7,92,2652.05,'A','2016-01-01'),(241,'23',7,145,2625.03,'A','2016-01-01'),(242,'24',7,37,2700.05,'A','2016-01-01'),(243,'25',7,124,2725,'A','2016-01-01'),(244,'26A',7,425,2000,'A','2016-01-01'),(245,'26B',7,374,2000,'A','2016-01-01'),(246,'27',7,383,4000,'A','2016-01-01'),(247,'1',8,292,3585,'A','2016-01-01'),(248,'2A',8,375,2550.92,'A','2016-01-01'),(249,'2B',8,443,2883,'A','2016-01-01'),(250,'2C',8,4,2550,'A','2016-01-01'),(251,'3',8,165,3151,'A','2016-01-01'),(252,'4',8,347,3200,'A','2016-01-01'),(253,'5',8,326,4000,'A','2016-01-01'),(254,'6',8,160,4140,'A','2016-01-01'),(255,'7',8,341,4000.24,'A','2016-01-01'),(256,'1',9,38,3548.47,'A','2016-01-01'),(257,'2',9,359,3300.03,'A','2016-01-01'),(258,'3',9,189,2500.05,'A','2016-01-01'),(259,'4',9,430,2500,'A','2016-01-01'),(260,'5',9,132,5000,'A','2016-01-01'),(261,'6A',9,22,2500,'A','2016-01-01'),(262,'6B',9,23,2500,'A','2016-01-01'),(263,'7A',9,23,2500.06,'A','2016-01-01'),(264,'7B',9,454,2500,'A','2016-01-01'),(265,'8',9,52,2500,'A','2016-01-01'),(266,'9',9,1,4895,'A','2016-01-01'),(267,'10',9,151,5000,'A','2016-01-01'),(268,'11A',9,180,2499,'A','2016-01-01'),(269,'11B',9,101,2498.97,'A','2016-01-01'),(270,'12',9,437,3127.3,'A','2016-01-01'),(271,'12-B',9,372,3127.26,'A','2016-01-01'),(272,'13',9,195,3272,'A','2016-01-01'),(273,'14',9,458,3840,'A','2016-01-01'),(274,'15',9,264,5000,'A','2016-01-01'),(275,'16',9,427,4999.98,'A','2016-01-01'),(276,'17',9,348,5000,'A','2016-01-01'),(277,'18A',9,461,2500,'A','2016-01-01'),(278,'18B',9,67,2500,'A','2016-01-01'),(279,'19',9,190,4999.97,'A','2016-01-01'),(280,'20A',9,250,2198,'A','2016-01-01'),(281,'20-B',9,129,2200,'A','2016-01-01'),(282,'21',9,442,2500,'A','2016-01-01'),(283,'21-A',9,95,2500,'A','2016-01-01'),(284,'22A',9,86,2500,'A','2016-01-01'),(285,'22B',9,87,2500,'A','2016-01-01'),(286,'23',9,57,2058,'A','2016-01-01'),(287,'24',9,416,3480,'A','2016-01-01'),(288,'1',10,463,2760,'A','2016-01-01'),(289,'2',10,155,2685.25,'A','2016-01-01'),(290,'3',10,76,2377,'A','2016-01-01'),(291,'4',10,331,3047,'A','2016-01-01'),(292,'5',10,301,2438,'A','2016-01-01'),(293,'6',10,200,3088.94,'A','2016-01-01'),(294,'7',10,329,2230,'A','2016-01-01'),(295,'8',10,90,2905,'A','2016-01-01'),(296,'9',10,319,2738.53,'A','2016-01-01'),(297,'10',10,369,3404.9,'A','2016-01-01'),(298,'11',10,99,3324,'A','2016-01-01'),(299,'12',10,100,4450,'A','2016-01-01'),(300,'13',10,459,3017,'A','2016-01-01'),(301,'14',10,20,3014,'A','2016-01-01'),(302,'15',10,268,2500,'A','2016-01-01'),(303,'16',10,368,2500,'A','2016-01-01'),(304,'17',10,174,2500,'A','2016-01-01'),(305,'18',10,81,5121,'A','2016-01-01'),(306,'19',10,450,2500,'A','2016-01-01'),(307,'20',10,34,2500,'A','2016-01-01'),(308,'21',10,402,2500,'A','2016-01-01'),(309,'22',10,392,3648.5,'A','2016-01-01'),(310,'23',10,377,2738,'A','2016-01-01'),(311,'24',10,403,4833,'A','2016-01-01'),(312,'1A',11,162,1552.78,'A','2016-01-01'),(313,'1B',11,130,1553.05,'A','2016-01-01'),(314,'1C',11,102,1554,'A','2016-01-01'),(315,'2',11,345,3840.2,'A','2016-01-01'),(316,'3A',11,271,2436,'A','2016-01-01'),(317,'3B',11,225,2626.76,'A','2016-01-01'),(318,'4A',11,187,1549,'A','2016-01-01'),(319,'4B',11,418,1549,'A','2016-01-01'),(320,'4C',11,303,1549,'A','2016-01-01'),(321,'5A',11,243,2689,'A','2016-01-01'),(322,'5B',11,447,2246,'A','2016-01-01'),(323,'6A',11,176,2480,'A','2016-01-01'),(324,'6B',11,388,2480,'A','2016-01-01'),(325,'7A',11,18,2497.27,'A','2016-01-01'),(326,'7B',11,141,2467,'A','2016-01-01'),(327,'8A',11,429,1599.93,'A','2016-01-01'),(328,'8B',11,389,1600.02,'A','2016-01-01'),(329,'8C',11,365,1600,'A','2016-01-01'),(330,'9A',11,13,1823,'A','2016-01-01'),(331,'9B',11,366,1500,'A','2016-01-01'),(332,'9C',11,415,1500,'A','2016-01-01'),(333,'1',12,108,3679.12,'A','2016-01-01'),(334,'2',12,270,2060,'A','2016-01-01'),(335,'3',12,36,4711,'A','2016-01-01'),(336,'4A',12,325,2397,'A','2016-01-01'),(337,'4B',12,85,2407.98,'A','2016-01-01'),(338,'5A',12,69,2399,'A','2016-01-01'),(339,'5B',12,228,2410,'A','2016-01-01'),(340,'6A',12,65,2376,'A','2016-01-01'),(341,'6B',12,193,2386.46,'A','2016-01-01'),(342,'7',12,119,4712,'A','2016-01-01'),(343,'8',12,413,4663,'A','2016-01-01'),(344,'9',12,281,4643,'A','2016-01-01'),(345,'10A',12,273,2299,'A','2016-01-01'),(346,'10B',12,107,2299.16,'A','2016-01-01'),(347,'11A',12,134,2300,'A','2016-01-01'),(348,'11B',12,62,2300,'A','2016-01-01'),(349,'12',12,94,4000,'A','2016-01-01'),(350,'13',12,315,3179,'A','2016-01-01'),(351,'14',12,97,2830,'A','2016-01-01'),(352,'15',12,97,3722,'A','2016-01-01'),(353,'16A',12,97,2433,'A','2016-01-01'),(354,'16B',12,97,2433,'A','2016-01-01'),(355,'17',12,296,5000,'A','2016-01-01'),(356,'18',12,19,2500,'A','2016-01-01'),(357,'19A',12,343,2497,'A','2016-01-01'),(358,'19B',12,311,2503,'A','2016-01-01'),(359,'20A',12,191,2498,'A','2016-01-01'),(360,'20B',12,453,2503,'A','2016-01-01'),(361,'21A',12,261,2497,'A','2016-01-01'),(362,'21B',12,394,2502.79,'A','2016-01-01'),(363,'22A',12,245,2497,'A','2016-01-01'),(364,'22B',12,241,2502.58,'A','2016-01-01'),(365,'23',12,316,2375,'A','2016-01-01'),(366,'24',12,265,3073,'A','2016-01-01'),(367,'1',13,136,3627,'A','2016-01-01'),(368,'2',13,244,3399.99,'A','2016-01-01'),(369,'3',13,72,2660.26,'A','2016-01-01'),(370,'4',13,159,2631.52,'A','2016-01-01'),(371,'5',13,77,2303,'A','2016-01-01'),(372,'6',13,197,3979,'A','2016-01-01'),(373,'7',13,384,2478,'A','2016-01-01'),(374,'1',14,328,4527,'A','2016-01-01'),(375,'2',14,29,2260,'A','2016-01-01'),(376,'3A',14,385,2674,'A','2016-01-01'),(377,'3B',14,285,2674,'A','2016-01-01'),(378,'4A',14,452,2725,'A','2016-01-01'),(379,'4B',14,452,2725,'A','2016-01-01'),(380,'5A',14,286,2725,'A','2016-01-01'),(381,'5B',14,207,2725.03,'A','2016-01-01'),(382,'6A',14,229,2725,'A','2016-01-01'),(383,'6B',14,128,2725,'A','2016-01-01'),(384,'7A',14,252,2724.36,'A','2016-01-01'),(385,'7B',14,242,2725.7,'A','2016-01-01'),(386,'8A',14,184,2724.3,'A','2016-01-01'),(387,'8B',14,113,2725.66,'A','2016-01-01'),(388,'9A',14,440,2724,'A','2016-01-01'),(389,'9B',14,112,2725.64,'A','2016-01-01'),(390,'10',14,322,4400,'A','2016-01-01'),(391,'11',14,320,5278.98,'A','2016-01-01'),(392,'12',14,410,4256.37,'A','2016-01-01'),(393,'13A',14,398,2249,'A','2016-01-01'),(394,'13B',14,192,2564,'A','2016-01-01'),(395,'14A',14,219,2491,'A','2016-01-01'),(396,'14B',14,46,2625,'A','2016-01-01'),(397,'15A',14,330,2401,'A','2016-01-01'),(398,'15B',14,260,2588,'A','2016-08-31'),(399,'16A',14,438,2424,'A','2016-01-01'),(400,'16B',14,209,2567,'A','2016-01-01'),(401,'17',14,199,4085,'A','2016-01-01'),(402,'18',14,422,4238.69,'A','2016-01-01'),(403,'1',15,397,4876,'A','2016-01-01'),(404,'2',15,158,2068,'A','2016-01-01'),(405,'3',15,186,2435,'A','2016-01-01'),(406,'4',15,246,3004,'A','2016-01-01'),(407,'5',15,370,2999.95,'A','2016-01-01'),(408,'6',15,333,3000,'A','2016-01-01'),(409,'7',15,266,7244.42,'A','2016-01-01'),(410,'8',15,362,3346,'A','2016-01-01'),(411,'9',15,96,3600,'A','2016-01-01'),(412,'10',15,298,3821,'A','2016-01-01'),(413,'11',15,355,3000,'A','2016-01-01'),(414,'12',15,171,3042,'A','2016-01-01'),(415,'13A',15,312,2709.83,'A','2016-01-01'),(416,'13B',15,339,2980,'A','2016-01-01'),(417,'14',15,317,1336,'A','2016-01-01'),(418,'1A',16,257,2745,'A','2016-01-01'),(419,'1B',16,170,2713.91,'A','2016-01-01'),(420,'2',16,205,5380.04,'A','2016-01-01'),(421,'3A',16,293,2064,'A','2016-01-01'),(422,'3B',16,235,2136,'A','2016-01-01'),(423,'3C',16,121,2144.17,'A','2016-01-01'),(424,'1',17,378,3664.99,'A','2016-01-01'),(425,'2A',17,445,1960,'A','2016-01-01'),(426,'2B',17,445,1960,'A','2016-01-01'),(427,'3A',17,172,2500.98,'A','2016-01-01'),(428,'3B',17,404,2402,'A','2016-01-01'),(429,'4A',17,231,2501,'A','2016-01-01'),(430,'4B',17,231,2499,'A','2016-01-01'),(431,'5A',17,64,2500,'A','2016-01-01'),(432,'5B',17,64,2499.48,'A','2016-01-01'),(433,'6A',17,423,2705,'A','2016-01-01'),(434,'6B',17,332,2702.68,'A','2016-01-01'),(435,'7',17,66,5000.07,'A','2016-01-01'),(436,'8',17,420,3794,'A','2016-01-01'),(437,'9A',17,216,1335.03,'A','2016-01-01'),(438,'9B',17,28,1343,'A','2016-01-01'),(439,'9C',17,314,1335,'A','2016-01-01'),(440,'9D',17,27,1335,'A','2016-01-01'),(441,'10A',17,78,2200,'A','2016-01-01'),(442,'10B',17,142,2200,'A','2016-01-01'),(443,'11A',17,41,2200,'A','2016-01-01'),(444,'11B',17,104,2200,'A','2016-01-01'),(445,'12A',17,116,2200,'A','2016-01-01'),(446,'12B',17,182,2200,'A','2016-01-01'),(447,'13A',17,236,2200,'A','2016-01-01'),(448,'13B',17,448,1100,'A','2016-01-01'),(449,'13C',17,254,1100,'A','2016-01-01'),(450,'14A',17,164,2200,'A','2016-01-01'),(451,'14B',17,70,2200,'A','2016-01-01'),(452,'15A',17,147,2198,'A','2016-01-01'),(453,'15B',17,51,2198,'A','2016-01-01'),(454,'1',18,309,3020,'A','2016-01-01'),(455,'2',18,45,3242,'A','2016-01-01'),(456,'3A',18,360,1700,'A','2016-01-01'),(457,'3B',18,379,2548.84,'A','2016-01-01'),(458,'3-C',18,400,850,'A','2016-01-01'),(459,'4A',18,376,2551.08,'A','2016-01-01'),(460,'4B',18,334,2549,'A','2016-01-01'),(461,'5A',18,428,2551,'A','2016-01-01'),(462,'5B',18,419,2549,'A','2016-01-01'),(463,'6A',18,144,2551.14,'A','2016-01-01'),(464,'6B',18,436,2548.82,'A','2016-01-01'),(465,'7',18,6,4652.07,'A','2016-01-01'),(466,'8',18,208,2734,'A','2016-01-01'),(467,'9',18,405,2640,'A','2016-01-01'),(468,'10A',18,373,2140,'A','2016-01-01'),(469,'10B',18,188,2140,'A','2016-01-01'),(470,'11A',18,188,2103,'A','2016-01-01'),(471,'11B',18,153,2101,'A','2016-01-01'),(472,'12A',18,305,1830.97,'A','2016-01-01'),(473,'12B',18,61,1830.98,'A','2016-01-01'),(474,'13A',18,373,2380,'A','2016-01-01'),(475,'13B',18,26,1919.6,'A','2016-01-01'),(476,'14',18,71,3096,'A','2016-01-01'),(477,'1A',19,335,1150,'A','2016-01-01'),(478,'1B',19,68,1149.98,'A','2016-01-01'),(479,'1C',19,93,1150,'A','2016-01-01'),(480,'1D',19,143,1150.01,'A','2016-01-01'),(481,'2A',19,115,2152,'A','2016-01-01'),(482,'2B',19,407,2098,'A','2016-01-01'),(483,'3A',19,103,2451,'A','2016-01-01'),(484,'3B',19,321,2451,'A','2016-01-01'),(485,'4A',19,352,2450.57,'A','2016-01-01'),(486,'4B',19,154,2449,'A','2016-01-01'),(487,'5A',19,237,2450,'A','2016-01-01'),(488,'5B',19,138,2449.58,'A','2016-01-01'),(489,'6A',19,290,2450,'A','2016-01-01'),(490,'6B',19,449,2449.73,'A','2016-01-01'),(491,'7A',19,214,2481,'A','2016-01-01'),(492,'7B',19,408,2481,'A','2016-01-01'),(493,'8A',19,393,1350,'A','2016-01-01'),(494,'8B',19,406,1349,'A','2016-01-01'),(495,'8C',19,109,1349,'A','2016-01-01'),(496,'9',19,295,5945.98,'A','2016-01-01'),(497,'10',19,295,5172.03,'A','2016-01-01'),(498,'11A',19,218,1960,'A','2016-01-01'),(499,'11B',19,148,1959.98,'A','2016-01-01'),(500,'11C',19,357,1940,'A','2016-01-01'),(501,'12',19,401,4034.91,'A','2016-01-01'),(502,'13',19,295,7500.6,'A','2016-01-01'),(503,'14',19,350,5899.94,'A','2016-01-01'),(504,'15A',19,258,1950.03,'A','2016-01-01'),(505,'15B',19,5,1949.99,'A','2016-01-01'),(506,'16',19,432,3220,'A','2016-01-01'),(507,'1',20,464,200,'A','2016-09-04');
/*!40000 ALTER TABLE `cat_lotes` ENABLE KEYS */;
UNLOCK TABLES;

--
-- Table structure for table `cat_manzanas`
--

DROP TABLE IF EXISTS `cat_manzanas`;
/*!40101 SET @saved_cs_client     = @@character_set_client */;
/*!40101 SET character_set_client = utf8 */;
CREATE TABLE `cat_manzanas` (
  `id_manzana` int(11) NOT NULL AUTO_INCREMENT,
  `manzana` varchar(10) DEFAULT NULL,
  `estatus` varchar(2) DEFAULT 'A',
  `fecha_registro` date DEFAULT NULL,
  PRIMARY KEY (`id_manzana`)
) ENGINE=InnoDB AUTO_INCREMENT=21 DEFAULT CHARSET=utf8;
/*!40101 SET character_set_client = @saved_cs_client */;

--
-- Dumping data for table `cat_manzanas`
--

LOCK TABLES `cat_manzanas` WRITE;
/*!40000 ALTER TABLE `cat_manzanas` DISABLE KEYS */;
INSERT INTO `cat_manzanas` VALUES (1,'I','A','2016-08-26'),(2,'II','A','2016-08-17'),(3,'III','A','2016-08-17'),(4,'IV','A','2016-08-17'),(5,'V','A','2016-08-17'),(6,'VI','A','2016-08-17'),(7,'VII','A','2016-08-17'),(8,'VIII','A','2016-08-17'),(9,'IX','A','2016-08-17'),(10,'X','A','2016-08-17'),(11,'XI','A','2016-07-17'),(12,'XII','A','2016-08-26'),(13,'XIII','A','2016-08-26'),(14,'XIV','A','2016-08-26'),(15,'XV','A','2016-08-26'),(16,'XVI','A','2016-08-26'),(17,'XVII','A','2016-08-26'),(18,'XVIII','A','2016-08-26'),(19,'XIX','A','2016-08-26'),(20,'XX','A','2016-09-04');
/*!40000 ALTER TABLE `cat_manzanas` ENABLE KEYS */;
UNLOCK TABLES;

--
-- Table structure for table `cat_medidores`
--

DROP TABLE IF EXISTS `cat_medidores`;
/*!40101 SET @saved_cs_client     = @@character_set_client */;
/*!40101 SET character_set_client = utf8 */;
CREATE TABLE `cat_medidores` (
  `id_medidor` int(11) NOT NULL AUTO_INCREMENT,
  `id_lote` int(11) DEFAULT NULL,
  `contrato` varchar(45) DEFAULT NULL,
  `medidor` varchar(45) DEFAULT NULL,
  `base_cna` double DEFAULT NULL,
  `estatus` varchar(12) DEFAULT 'A',
  `fecha_registro` date DEFAULT NULL,
  PRIMARY KEY (`id_medidor`)
) ENGINE=InnoDB AUTO_INCREMENT=568 DEFAULT CHARSET=utf8;
/*!40101 SET character_set_client = @saved_cs_client */;

--
-- Dumping data for table `cat_medidores`
--

LOCK TABLES `cat_medidores` WRITE;
/*!40000 ALTER TABLE `cat_medidores` DISABLE KEYS */;
INSERT INTO `cat_medidores` VALUES (1,1,'1-1','130100577',81.01,'A','2016-01-01'),(2,2,'1-2','96282289',67.37,'A','2016-01-01'),(3,2,'1-2B','96282288',67.37,'A','2016-01-01'),(4,3,'1-3','97935915',131.87,'A','2016-01-01'),(5,4,'1-4A','*02030741',83.25,'A','2016-01-01'),(6,5,'1-4B','*03025093',83.25,'A','2016-01-01'),(7,6,'1-5A','97934882',83.25,'A','2016-01-01'),(8,7,'1-5B','W0000000',83.25,'A','2016-01-01'),(9,8,'1-6A','11002947',83.25,'A','2016-01-01'),(10,9,'1-6B','97935861',83.25,'A','2016-01-01'),(11,10,'1-7','*060231116',83.25,'A','2016-01-01'),(12,10,'1-7B','*081285305',83.25,'A','2016-01-01'),(13,11,'1-8A','*058519',81.74,'A','2016-01-01'),(14,12,'1-8B','1401530953',81.74,'A','2016-01-01'),(15,13,'1-9','*02002231',83.25,'A','2016-01-01'),(16,13,'1-9B','97935761',83.25,'A','2016-01-01'),(17,14,'1-10','130100059',111.6,'A','2016-01-01'),(18,15,'1-11','*070344376',98.93,'A','2016-01-01'),(19,16,'1-12','97934913',97.2,'A','2016-01-01'),(20,17,'1-13A','97934914',82.8,'A','2016-01-01'),(21,18,'1-13B','1076377',82.8,'A','2016-01-01'),(22,19,'1-14A','W0000000',82.8,'A','2016-01-01'),(23,20,'1-14B','*060221925',82.8,'A','2016-01-01'),(24,21,'1-15A','11002945',81.09,'A','2016-01-01'),(25,22,'1-15B','12112634',81.09,'A','2016-01-01'),(26,23,'1-16','97935733',82.8,'A','2016-01-01'),(27,23,'1-16B','1601530908',82.8,'A','2016-01-01'),(28,24,'1-17','*02002659',129.6,'A','2016-01-01'),(29,25,'1-18','10367760',82.8,'A','2016-01-01'),(30,25,'1-18B','12134517',82.8,'A','2016-01-01'),(31,26,'1-19','1501530669',129.6,'A','2016-01-01'),(32,27,'1-20','97935822',129.6,'A','2016-01-01'),(33,28,'1-21','97935823',108.9,'A','2016-01-01'),(34,29,'1-99','96282271',63,'A','2016-01-01'),(35,30,'1-99-A','98519935',54,'A','2016-01-01'),(36,31,'1-99-A','*02001021',54,'A','2016-01-01'),(37,32,'1-99-A','204',72,'A','2016-01-01'),(38,33,'1-99-A','*02001020',54,'A','2016-01-01'),(39,34,'1-99-B','96283137',40.29,'A','2016-01-01'),(40,35,'1-99-B','97935867',40.29,'A','2016-01-01'),(41,36,'1-99-B','97935868',40.29,'A','2016-01-01'),(42,37,'1-99-B','97935869',40.29,'A','2016-01-01'),(43,38,'1-99-C','130103242',81,'A','2016-01-01'),(44,39,'1-99-C','130103070',81,'A','2016-01-01'),(45,40,'1-99-C','97980049',43.51,'A','2016-01-01'),(46,41,'1-99-C','205',43.49,'A','2016-01-01'),(47,42,'2-1','96283557',85.07,'A','2016-01-01'),(48,42,'2-1B','501530668',85.07,'A','2016-01-01'),(49,43,'2-2A','4015314182',83.45,'A','2016-01-01'),(50,44,'2-2B','96282275',83.45,'A','2016-01-01'),(51,45,'2-3A','96283123',83.23,'A','2016-01-01'),(52,46,'2-3B','11002957',83.23,'A','2016-01-01'),(53,47,'2-4A','1387',83.27,'A','2016-01-01'),(54,48,'2-4B','4015314188',83.21,'A','2016-01-01'),(55,49,'2-5A','W0000000',83.2,'A','2016-01-01'),(56,50,'2-5B','130103484',83.2,'A','2016-01-01'),(57,51,'2-6','W0000000',138.32,'A','2016-01-01'),(58,52,'2-7A','*02072879',62.77,'A','2016-01-01'),(59,53,'2-7B','W0000000',62.76,'A','2016-01-01'),(60,54,'2-7C','1076379',62.75,'A','2016-01-01'),(61,55,'2-8','*070716618',156.25,'A','2016-01-01'),(62,56,'2-9','*06227081',82.8,'A','2016-01-01'),(63,56,'2-9B','11005075',82.8,'A','2016-01-01'),(64,57,'2-10A','11005064',81.5,'A','2016-01-01'),(65,58,'2-10B','69470',81.5,'A','2016-01-01'),(66,59,'2-11','4015314186',129.6,'A','2016-01-01'),(67,60,'2-12','97934908',83.36,'A','2016-01-01'),(68,60,'2-12B','97934909',83.36,'A','2016-01-01'),(69,61,'2-13','97935874',116.69,'A','2016-01-01'),(70,62,'2-14','1601530907',107.96,'A','2016-01-01'),(71,63,'2-15','97935792',86.07,'A','2016-01-01'),(72,64,'3-1A','130100080',54.18,'A','2016-01-01'),(73,65,'3-1B','*061085621',65.42,'A','2016-01-01'),(74,66,'3-1C','97935836',65.41,'A','2016-01-01'),(75,67,'3-2A','1001500723',83.25,'A','2016-01-01'),(76,68,'3-2B','11002958',83.25,'A','2016-01-01'),(77,69,'3-3','4015309532',130.48,'A','2016-01-01'),(78,70,'3-4','501530661',130.48,'A','2016-01-01'),(79,71,'3-5','1001500725',130.48,'A','2016-01-01'),(80,72,'3-6','W0000000',130.48,'A','2016-01-01'),(81,73,'3-7','130102751',83.25,'A','2016-01-01'),(82,73,'3-7B','9068979',83.25,'A','2016-01-01'),(83,74,'3-8','1001500724',130.5,'A','2016-01-01'),(84,75,'3-9','*02002656',83.23,'A','2016-01-01'),(85,76,'3-9-A','*058517',83.26,'A','2016-01-01'),(86,77,'3-10','4015314187',83.27,'A','2016-01-01'),(87,77,'3-10B','12112632',83.27,'A','2016-01-01'),(88,78,'3-11','*061085630',83.26,'A','2016-01-01'),(89,78,'3-11B','*02002026',83.26,'A','2016-01-01'),(90,79,'3-12','97935850',83.27,'A','2016-01-01'),(91,79,'3-12B','97935851',83.27,'A','2016-01-01'),(92,80,'3-13','*02002681',83.3,'A','2016-01-01'),(93,80,'3-13B','2002680',83.3,'A','2016-01-01'),(94,81,'3-14','*02002679',83.25,'A','2016-01-01'),(95,81,'3-14B','*02002678',83.25,'A','2016-01-01'),(96,82,'3-15','*02002677',83.34,'A','2016-01-01'),(97,82,'3-15B','*02002676',83.34,'A','2016-01-01'),(98,83,'3-16A','*02002675',73.94,'A','2016-01-01'),(99,84,'3-16B','*02002674',97.07,'A','2016-01-01'),(100,85,'3-17A','9068975',109.11,'A','2016-01-01'),(101,86,'3-17B','130102791',107.54,'A','2016-01-01'),(102,87,'3-18','*06228538',105.96,'A','2016-01-01'),(103,88,'3-19-A','W0000000',81.26,'A','2016-01-01'),(104,89,'3-19-B','W0000000',86.64,'A','2016-01-01'),(105,90,'3-20A','11005074',85.71,'A','2016-01-01'),(106,91,'3-20B','11005071',84.1,'A','2016-01-01'),(107,92,'3-21A','*03025096',72.61,'A','2016-01-01'),(108,93,'3-21B','*00001389',72.29,'A','2016-01-01'),(109,94,'3-22A','49241',71.46,'A','2016-01-01'),(110,95,'3-22B','97935810',73.57,'A','2016-01-01'),(111,96,'3-23','99549860',129.6,'A','2016-01-01'),(112,97,'3-24','11002949',82.8,'A','2016-01-01'),(113,97,'3-24B','11002948',82.8,'A','2016-01-01'),(114,98,'3-25-A','*02030749',82.78,'A','2016-01-01'),(115,99,'3-25-B','97365225',81,'A','2016-01-01'),(116,100,'3-26','12009126',129.58,'A','2016-01-01'),(117,101,'3-27','11005065',82.78,'A','2016-01-01'),(118,101,'3-27B','9068982',82.78,'A','2016-01-01'),(119,102,'3-28','11002943',129.57,'A','2016-01-01'),(120,103,'3-29','*090812969',129.55,'A','2016-01-01'),(121,104,'3-30','4015314189',82.78,'A','2016-01-01'),(122,104,'3-30B','4015314181',82.78,'A','2016-01-01'),(123,105,'3-31','97935825',82.78,'A','2016-01-01'),(124,105,'3-31B','97935826',82.78,'A','2016-01-01'),(125,106,'3-32','97935827',82.76,'A','2016-01-01'),(126,106,'3-32B','97935828',84.56,'A','2016-01-01'),(127,107,'3-33','12009131',82.8,'A','2016-01-01'),(128,107,'3-33B','12009133',82.8,'A','2016-01-01'),(129,108,'3-34','2009135',117,'A','2016-01-01'),(130,109,'3-35','99601904',123.12,'A','2016-01-01'),(131,110,'3-36A','*060231117',82.85,'A','2016-01-01'),(132,111,'3-36B','*02072881',75.46,'A','2016-01-01'),(133,112,'3-37A','96282274',84.06,'A','2016-01-01'),(134,113,'3-37B','96281020',85.18,'A','2016-01-01'),(135,114,'3-38','1001500728',86.49,'A','2016-01-01'),(136,115,'3-39A','96283100',85.54,'A','2016-01-01'),(137,116,'3-39B','*070344373',85.53,'A','2016-01-01'),(138,117,'4-1','69452',102.6,'A','2016-01-01'),(139,117,'4-1B','*02030742',102.6,'A','2016-01-01'),(140,118,'4-2A','4015309540',81,'A','2016-01-01'),(141,119,'4-2B','97980048',81,'A','2016-01-01'),(142,120,'4-2C','130100828',81,'A','2016-01-01'),(143,121,'4-2D','4015314190',81,'A','2016-01-01'),(144,122,'4-3','97935805',81,'A','2016-01-01'),(145,122,'4-3B','97935806',81,'A','2016-01-01'),(146,122,'4-3C','97935807',81,'A','2016-01-01'),(147,122,'4-3D','1601530755',81,'A','2016-01-01'),(148,123,'4-4A','*00001383',81,'A','2016-01-01'),(149,124,'4-4B','W0000000',126,'A','2016-01-01'),(150,125,'4-4C','1001500501',81,'A','2016-01-01'),(151,126,'4-5','96283106',148.43,'A','2016-01-01'),(152,127,'4-6','W0000000',81.13,'A','2016-01-01'),(153,128,'4-7','130100564',111.6,'A','2016-01-01'),(154,129,'4-8','97935883',98.14,'A','2016-01-01'),(155,129,'4-8B','*02001683',97.65,'A','2016-01-01'),(156,130,'4-9','12112631',153,'A','2016-01-01'),(157,131,'4-10','W0000000',216,'A','2016-01-01'),(158,132,'4-11A','*02002661',124.45,'A','2016-01-01'),(159,133,'4-11B','96283124',82.57,'A','2016-01-01'),(160,134,'4-11C','11002944',80.99,'A','2016-01-01'),(161,135,'4-12A','11005077',81,'A','2016-01-01'),(162,136,'4-12B','1001500727',81,'A','2016-01-01'),(163,137,'4-12C','69454',81,'A','2016-01-01'),(164,138,'4-12D','*070836174',81,'A','2016-01-01'),(165,139,'4-13','W0000000',152.64,'A','2016-01-01'),(166,140,'4-14','4015309538',133.2,'A','2016-01-01'),(167,141,'4-15','97935778',100.03,'A','2016-01-01'),(168,142,'4-16','97935779',100.03,'A','2016-01-01'),(169,143,'4-17','96283108',94.45,'A','2016-01-01'),(170,144,'4-17-B','121052096',86.27,'A','2016-01-01'),(171,145,'5-1','97935830',118.46,'A','2016-01-01'),(172,146,'5-2','W0000000',127.8,'A','2016-01-01'),(173,147,'5-3','*01076373',127.8,'A','2016-01-01'),(174,148,'5-4','W0000000',127.8,'A','2016-01-01'),(175,149,'5-5','*070344378',127.19,'A','2016-01-01'),(176,150,'5-6','121052041',159.25,'A','2016-01-01'),(177,151,'5-7','1001500336',90.54,'A','2016-01-01'),(178,151,'5-7B','121052097',90.54,'A','2016-01-01'),(179,152,'5-8','501530666',117.18,'A','2016-01-01'),(180,153,'5-9','501530670',126,'A','2016-01-01'),(181,154,'5-10','*00001381',108,'A','2016-01-01'),(182,155,'5-11','12009122',113.31,'A','2016-01-01'),(183,156,'5-12','99601906',118.8,'A','2016-01-01'),(184,157,'5-13','140404163',95.67,'A','2016-01-01'),(185,157,'5-13B','501530665',95.67,'A','2016-01-01'),(186,158,'6-1','11005076',92.13,'A','2016-01-01'),(187,159,'6-2','140404162',91.95,'A','2016-01-01'),(188,160,'6-3A','140404166',82.35,'A','2016-01-01'),(189,161,'6-3B','97935746',82.35,'A','2016-01-01'),(190,162,'6-4','4015309536',82.34,'A','2016-01-01'),(191,162,'6-4B','4015309535',82.34,'A','2016-01-01'),(192,163,'6-5','97935737',82.35,'A','2016-01-01'),(193,163,'6-5B','*058516',82.35,'A','2016-01-01'),(194,164,'6-6','130100292',82.35,'A','2016-01-01'),(195,164,'6-6B','97935742',82.35,'A','2016-01-01'),(196,165,'6-7','12009136',82.36,'A','2016-01-01'),(197,165,'6-7B','11468268',82.36,'A','2016-01-01'),(198,166,'6-8','*058518',118.04,'A','2016-01-01'),(199,167,'6-9','69769',128.68,'A','2016-01-01'),(200,168,'6-10','*040319917',82.34,'A','2016-01-01'),(201,168,'6-10B','*02002027',82.34,'A','2016-01-01'),(202,169,'6-11','*02001932',82.35,'A','2016-01-01'),(203,169,'6-11B','*041142019',82.35,'A','2016-01-01'),(204,170,'6-12','96283126',85.19,'A','2016-01-01'),(205,170,'6-12B','96283125',85.19,'A','2016-01-01'),(206,171,'6-13','97935886',83.36,'A','2016-01-01'),(207,171,'6-13B','*061085628',83.36,'A','2016-01-01'),(208,172,'6-14','97935829',101,'A','2016-01-01'),(209,173,'6-15','121052094',79.56,'A','2016-01-01'),(210,173,'6-15B','*070716614',79.56,'A','2016-01-01'),(211,174,'6-16','11002950',80.62,'A','2016-01-01'),(212,174,'6-16B','11002951',80.62,'A','2016-01-01'),(213,175,'6-17A','98519933',82.82,'A','2016-01-01'),(214,176,'6-17B','130100772',83.92,'A','2016-01-01'),(215,177,'6-18A','*0203746',86.9,'A','2016-01-01'),(216,178,'6-18B','W0000000',86.89,'A','2016-01-01'),(217,179,'6-19','W0000000',172.05,'A','2016-01-01'),(218,180,'6-20','W0000000',128.69,'A','2016-01-01'),(219,181,'6-21','W0000000',128.68,'A','2016-01-01'),(220,182,'6-22','99549861',82.37,'A','2016-01-01'),(221,182,'6-22B','99549862',82.37,'A','2016-01-01'),(222,183,'6-23','140404161',82.35,'A','2016-01-01'),(223,183,'6-23B','99549864',82.35,'A','2016-01-01'),(224,184,'6-24','W0000000',128.67,'A','2016-01-01'),(225,185,'6-25','*04020112',82.89,'A','2016-01-01'),(226,185,'6-25B','*081285357',82.89,'A','2016-01-01'),(227,186,'6-26A','W0000000',82.29,'A','2016-01-01'),(228,187,'6-26B','121052012',82.22,'A','2016-01-01'),(229,188,'6-27A','96283104',82.22,'A','2016-01-01'),(230,189,'6-27B','96282284',82.28,'A','2016-01-01'),(231,190,'6-28A','*041142078',82.53,'A','2016-01-01'),(232,191,'6-28B','1601530901',82.12,'A','2016-01-01'),(233,192,'6-29A','130103256',82.53,'A','2016-01-01'),(234,193,'6-29B','*02001834',82.37,'A','2016-01-01'),(235,194,'6-30A','97935800',82.24,'A','2016-01-01'),(236,195,'6-30B','97934925',82.37,'A','2016-01-01'),(237,196,'6-31A','97935814',82.3,'A','2016-01-01'),(238,197,'6-31B','97935859',82.42,'A','2016-01-01'),(239,198,'6-32A','96283120',75.56,'A','2016-01-01'),(240,199,'6-32B','11002942',75.64,'A','2016-01-01'),(241,200,'6-33A','121052172',93.19,'A','2016-01-01'),(242,201,'6-33B','*02002025',95.26,'A','2016-01-01'),(243,202,'7-1','*06230456',109.71,'A','2016-01-01'),(244,203,'7-2A','97934895',82.8,'A','2016-01-01'),(245,204,'7-2B','130102824',80.44,'A','2016-01-01'),(246,205,'7-3A','96283559',82.8,'A','2016-01-01'),(247,206,'7-3B','97935841',81.52,'A','2016-01-01'),(248,207,'7-4A','96283128',84.08,'A','2016-01-01'),(249,208,'7-4B','96282282',82.8,'A','2016-01-01'),(250,209,'7-5','97934897',82.8,'A','2016-01-01'),(251,209,'7-5B','*060231118',82.8,'A','2016-01-01'),(252,210,'7-6A','96283107',82.8,'A','2016-01-01'),(253,211,'7-6B','97935844',82.8,'A','2016-01-01'),(254,212,'7-7A','*02072878',79.88,'A','2016-01-01'),(255,213,'7-7B','96282286',82.8,'A','2016-01-01'),(256,214,'7-8A','121052093',83.21,'A','2016-01-01'),(257,215,'7-8B','96282287',82.8,'A','2016-01-01'),(258,216,'7-9A','1601530909',72,'A','2016-01-01'),(259,217,'7-9B','97935843',93.6,'A','2016-01-01'),(260,218,'7-10A','12134519',82.67,'A','2016-01-01'),(261,219,'7-10B','*02002022',82.8,'A','2016-01-01'),(262,220,'7-11A','140404170',82.8,'A','2016-01-01'),(263,221,'7-11B','4015309534',82.78,'A','2016-01-01'),(264,222,'7-12A','97935896',82.8,'A','2016-01-01'),(265,223,'7-12B','*070719267',82.8,'A','2016-01-01'),(266,224,'7-13','97935842',108.18,'A','2016-01-01'),(267,225,'7-14','97934907',95.31,'A','2016-01-01'),(268,226,'7-15','97934921',93.51,'A','2016-01-01'),(269,227,'7-16A','W0000000',79.97,'A','2016-01-01'),(270,228,'7-16B','W0000000',79.97,'A','2016-01-01'),(271,229,'7-17A','140404164',80.06,'A','2016-01-01'),(272,230,'7-17B','*02030744',80.06,'A','2016-01-01'),(273,231,'7-18-A','1076370',82.8,'A','2016-01-01'),(274,232,'7-18-B','4015309533',81,'A','2016-01-01'),(275,233,'7-19A','130103401',81.9,'A','2016-01-01'),(276,234,'7-19B','130103442',76.5,'A','2016-01-01'),(277,235,'7-20A','W0000000',81.9,'A','2016-01-01'),(278,236,'7-20B','96283141',81.9,'A','2016-01-01'),(279,237,'7-21A','96283550',80.91,'A','2016-01-01'),(280,238,'7-21B','97934912',80.91,'A','2016-01-01'),(281,239,'7-22A','97935860',83.25,'A','2016-01-01'),(282,240,'7-22B','12112635',83.25,'A','2016-01-01'),(283,241,'7-23','12009129',83.25,'A','2016-01-01'),(284,241,'7-23B','*081285307',83.25,'A','2016-01-01'),(285,242,'7-24','140404169',84.6,'A','2016-01-01'),(286,242,'7-24B','140404165',84.6,'A','2016-01-01'),(287,243,'7-25','97935820',85.05,'A','2016-01-01'),(288,243,'7-25B','97980051',85.05,'A','2016-01-01'),(289,244,'7-26A','96283118',72,'A','2016-01-01'),(290,245,'7-26B','97934901',72,'A','2016-01-01'),(291,246,'7-27','12009121',108,'A','2016-01-01'),(292,247,'8-1','64951',100.53,'A','2016-01-01'),(293,247,'8-1B','*041142239',100.53,'A','2016-01-01'),(294,248,'8-2A','12109885',81.92,'A','2016-01-01'),(295,249,'8-2B','97935895',87.89,'A','2016-01-01'),(296,250,'8-2C','1501530664',81.9,'A','2016-01-01'),(297,251,'8-3','130100305',92.72,'A','2016-01-01'),(298,252,'8-4','1001500729',93.6,'A','2016-01-01'),(299,253,'8-5','4015314185',108,'A','2016-01-01'),(300,254,'8-6','96283112',110.52,'A','2016-01-01'),(301,255,'8-7','W0000000',108,'A','2016-01-01'),(302,256,'9-1','9068978',99.87,'A','2016-01-01'),(303,257,'9-2','*001500726',95.4,'A','2016-01-01'),(304,258,'9-3','1001500417',81,'A','2016-01-01'),(305,258,'9-3B','12009137',81,'A','2016-01-01'),(306,259,'9-4','96283105',81,'A','2016-01-01'),(307,259,'9-4B','96283129',81,'A','2016-01-01'),(308,260,'9-5','97935864',126,'A','2016-01-01'),(309,261,'9-6A','97934892',81,'A','2016-01-01'),(310,262,'9-6B','*081285356',81,'A','2016-01-01'),(311,263,'9-7A','12112638',81,'A','2016-01-01'),(312,264,'9-7B','97935751',81,'A','2016-01-01'),(313,265,'9-8','12009130',81,'A','2016-01-01'),(314,265,'9-8B','99549866',81,'A','2016-01-01'),(315,266,'9-9','121052044',124.11,'A','2016-01-01'),(316,267,'9-10','69453',126,'A','2016-01-01'),(317,268,'9-11A','97934920',80.98,'A','2016-01-01'),(318,269,'9-11B','W0000000',80.98,'A','2016-01-01'),(319,270,'9-12','*058511',92.29,'A','2016-01-01'),(320,271,'9-12-B','11002963',92.29,'A','2016-01-01'),(321,272,'9-13','98519939',94.9,'A','2016-01-01'),(322,273,'9-14','*02072880',105.12,'A','2016-01-01'),(323,274,'9-15','11005072',126,'A','2016-01-01'),(324,275,'9-16','97935798',126,'A','2016-01-01'),(325,276,'9-17','*02081692',126,'A','2016-01-01'),(326,277,'9-18A','1001500509',81,'A','2016-01-01'),(327,278,'9-18B','130100358',81,'A','2016-01-01'),(328,279,'9-19','W0000000',126,'A','2016-01-01'),(329,280,'9-20A','*02002658',75.56,'A','2016-01-01'),(330,281,'9-20-B','99549876',75.6,'A','2016-01-01'),(331,282,'9-21','99549876',81,'A','2016-01-01'),(332,283,'9-21-A','*041142011',81,'A','2016-01-01'),(333,284,'9-22A','*02001836',81,'A','2016-01-01'),(334,285,'9-22B','*02001835',81,'A','2016-01-01'),(335,286,'9-23','1601530905',73.04,'A','2016-01-01'),(336,286,'9-23B','*02081695',73.04,'A','2016-01-01'),(337,287,'9-24','11005067',98.64,'A','2016-01-01'),(338,288,'10-1','W0000000',85.68,'A','2016-01-01'),(339,289,'10-2','W0000000',84.33,'A','2016-01-01'),(340,290,'10-3','*02002662',78.79,'A','2016-01-01'),(341,291,'10-4','1386',90.85,'A','2016-01-01'),(342,292,'10-5','*02002653',79.88,'A','2016-01-01'),(343,293,'10-6','W0000000',91.6,'A','2016-01-01'),(344,294,'10-7','97934896',76.14,'A','2016-01-01'),(345,295,'10-8','12109881',88.29,'A','2016-01-01'),(346,296,'10-9','11002941',85.29,'A','2016-01-01'),(347,297,'10-10','*02002239',97.29,'A','2016-01-01'),(348,298,'10-11','97935916',95.83,'A','2016-01-01'),(349,299,'10-12','9068977',116.1,'A','2016-01-01'),(350,300,'10-13','97935917',90.31,'A','2016-01-01'),(351,301,'10-14','96282279',90.25,'A','2016-01-01'),(352,302,'10-15','96282276',81,'A','2016-01-01'),(353,303,'10-16','*06228533',81,'A','2016-01-01'),(354,304,'10-17','97935815',81,'A','2016-01-01'),(355,305,'10-18','97935815',128.18,'A','2016-01-01'),(356,306,'10-19','49239',81,'A','2016-01-01'),(357,307,'10-20','97935767',81,'A','2016-01-01'),(358,308,'10-21','1076378',81,'A','2016-01-01'),(359,309,'10-22','*061085624',101.67,'A','2016-01-01'),(360,310,'10-23','97935894',85.28,'A','2016-01-01'),(361,311,'10-24','98519931',122.99,'A','2016-01-01'),(362,312,'11-1A','11002952',63.95,'A','2016-01-01'),(363,313,'11-1B','1601530752',63.95,'A','2016-01-01'),(364,314,'11-1C','*03025013',63.97,'A','2016-01-01'),(365,315,'11-2','W0000000',105.12,'A','2016-01-01'),(366,316,'11-3A','97934922',79.85,'A','2016-01-01'),(367,317,'11-3B','W0000000',83.28,'A','2016-01-01'),(368,318,'11-4A','97935777',63.88,'A','2016-01-01'),(369,319,'11-4B','12134518',63.88,'A','2016-01-01'),(370,320,'11-4C','501530663',63.88,'A','2016-01-01'),(371,321,'11-5A','96283547',84.4,'A','2016-01-01'),(372,322,'11-5B','96283133',76.43,'A','2016-01-01'),(373,323,'11-6A','*081285310',80.64,'A','2016-01-01'),(374,324,'11-6B','*070716613',80.64,'A','2016-01-01'),(375,325,'11-7A','*061085625',80.95,'A','2016-01-01'),(376,326,'11-7B','11002956',80.41,'A','2016-01-01'),(377,327,'11-8A','W0000000',64.8,'A','2016-01-01'),(378,328,'11-8B','W0000000',64.8,'A','2016-01-01'),(379,329,'11-8C','130103081',64.8,'A','2016-01-01'),(380,330,'11-9A','11005069',68.81,'A','2016-01-01'),(381,331,'11-9B','11005063',63,'A','2016-01-01'),(382,332,'11-9C','11002953',63,'A','2016-01-01'),(383,333,'12-1','W0000000',102.22,'A','2016-01-01'),(384,334,'12-2','97934893',73.08,'A','2016-01-01'),(385,334,'12-2B','1601530903',73.08,'A','2016-01-01'),(386,335,'12-3','97935766',120.8,'A','2016-01-01'),(387,336,'12-4A','12009127',79.15,'A','2016-01-01'),(388,337,'12-4B','501531512',79.34,'A','2016-01-01'),(389,338,'12-5A','97935863',79.18,'A','2016-01-01'),(390,339,'12-5B','*02002657',79.38,'A','2016-01-01'),(391,340,'12-6A','501530667',78.77,'A','2016-01-01'),(392,341,'12-6B','4015309537',78.96,'A','2016-01-01'),(393,342,'12-7','9628227',120.82,'A','2016-01-01'),(394,343,'12-8','97935858',119.93,'A','2016-01-01'),(395,344,'12-9','97934919',119.57,'A','2016-01-01'),(396,345,'12-10A','99549874',77.38,'A','2016-01-01'),(397,346,'12-10B','W0000000',77.38,'A','2016-01-01'),(398,347,'12-11A','*02030750',77.4,'A','2016-01-01'),(399,348,'12-11B','130101128',77.4,'A','2016-01-01'),(400,349,'12-12','130100882',108,'A','2016-01-01'),(401,350,'12-13','130100633',93.22,'A','2016-01-01'),(402,351,'12-14','96283142',86.94,'A','2016-01-01'),(403,352,'12-15','96283096',103,'A','2016-01-01'),(404,353,'12-16A','*02002030',79.79,'A','2016-01-01'),(405,354,'12-16B','96283097',79.79,'A','2016-01-01'),(406,355,'12-17','12112636',126,'A','2016-01-01'),(407,356,'12-18','*01076376',81,'A','2016-01-01'),(408,356,'12-18B','*081285309',81,'A','2016-01-01'),(409,357,'12-19A','96283139',80.95,'A','2016-01-01'),(410,358,'12-19B','96283094',81.05,'A','2016-01-01'),(411,359,'12-20A','*02001625',80.96,'A','2016-01-01'),(412,360,'12-20B','98519934',81.05,'A','2016-01-01'),(413,361,'12-21A','121052180',80.95,'A','2016-01-01'),(414,362,'12-21B','W0000000',81.05,'A','2016-01-01'),(415,363,'12-22A','12009125',80.95,'A','2016-01-01'),(416,364,'12-22B','140404167',81.05,'A','2016-01-01'),(417,365,'12-23','96283555',78.75,'A','2016-01-01'),(418,365,'12-23B','1601530910',78.75,'A','2016-01-01'),(419,366,'12-24','*00001385',91.31,'A','2016-01-01'),(420,367,'13-1','130100089',101.29,'A','2016-01-01'),(421,368,'13-2','W0000000',97.2,'A','2016-01-01'),(422,369,'13-3','1001500411',83.88,'A','2016-01-01'),(423,369,'13-3B','4015314183',83.88,'A','2016-01-01'),(424,370,'13-4','*070836180',83.37,'A','2016-01-01'),(425,370,'13-4B','*081285304',83.37,'A','2016-01-01'),(426,371,'13-5','*081285308',77.45,'A','2016-01-01'),(427,371,'13-5B','*081285306',77.45,'A','2016-01-01'),(428,372,'13-6','97934916',107.62,'A','2016-01-01'),(429,373,'13-7','97935782',80.6,'A','2016-01-01'),(430,374,'14-1','*04020119',117.49,'A','2016-01-01'),(431,375,'14-2','*02030745',76.68,'A','2016-01-01'),(432,375,'14-2B','1001500720',76.68,'A','2016-01-01'),(433,376,'14-3A','97935784',84.13,'A','2016-01-01'),(434,377,'14-3B','97935811',84.13,'A','2016-01-01'),(435,378,'14-4A','97935729',85.05,'A','2016-01-01'),(436,379,'14-4B','97935730',85.05,'A','2016-01-01'),(437,380,'14-5A','121052171',85.05,'A','2016-01-01'),(438,381,'14-5B','W0000000',85.05,'A','2016-01-01'),(439,382,'14-6A','96282273',85.05,'A','2016-01-01'),(440,383,'14-6B','W0000000',85.05,'A','2016-01-01'),(441,384,'14-7A','*070712825',85.04,'A','2016-01-01'),(442,385,'14-7B','W0000000',85.06,'A','2016-01-01'),(443,386,'14-8A','W0000000',85.04,'A','2016-01-01'),(444,387,'14-8B','W0000000',85.06,'A','2016-01-01'),(445,388,'14-9A','*01076372',85.03,'A','2016-01-01'),(446,389,'14-9B','130101558',85.06,'A','2016-01-01'),(447,390,'14-10','12009138',115.2,'A','2016-01-01'),(448,391,'14-11','W0000000',131.02,'A','2016-01-01'),(449,392,'14-12','W0000000',112.61,'A','2016-01-01'),(450,393,'14-13A','97935838',76.48,'A','2016-01-01'),(451,394,'14-13B','*02002406',82.15,'A','2016-01-01'),(452,395,'14-14A','96282278',80.84,'A','2016-01-01'),(453,396,'14-14B','1601530904',83.25,'A','2016-01-01'),(454,397,'14-15A','*02002660',79.22,'A','2016-01-01'),(455,398,'14-15B','97935890',82.58,'A','2016-01-01'),(456,399,'14-16A','97935747',79.63,'A','2016-01-01'),(457,400,'14-16B','4015309539',82.21,'A','2016-01-01'),(458,401,'14-17','97935740',109.53,'A','2016-01-01'),(459,402,'14-18','*061085623',112.3,'A','2016-01-01'),(460,403,'15-1','97934888',123.77,'A','2016-01-01'),(461,404,'15-2','97934889',73.22,'A','2016-01-01'),(462,404,'15-2B','121052100',73.22,'A','2016-01-01'),(463,405,'15-3','11002964',79.83,'A','2016-01-01'),(464,405,'15-3B','*070718619',79.85,'A','2016-01-01'),(465,406,'15-4','96282281',90.07,'A','2016-01-01'),(466,407,'15-5','11000324',90,'A','2016-01-01'),(467,408,'15-6','97935744',90,'A','2016-01-01'),(468,409,'15-7','W0000000',166.4,'A','2016-01-01'),(469,410,'15-8','*04020117',96.23,'A','2016-01-01'),(470,411,'15-9','96195878',100.8,'A','2016-01-01'),(471,412,'15-10','*070719268',104.78,'A','2016-01-01'),(472,413,'15-11','1076371',90,'A','2016-01-01'),(473,414,'15-12','97935871',90.76,'A','2016-01-01'),(474,415,'15-13A','W0000000',84.78,'A','2016-01-01'),(475,416,'15-13B','97935854',89.64,'A','2016-01-01'),(476,417,'15-14','1601530751',60.05,'A','2016-01-01'),(477,418,'16-1A','97935768',85.41,'A','2016-01-01'),(478,419,'16-1B','W0000000',84.85,'A','2016-01-01'),(479,420,'16-2','W0000000',132.84,'A','2016-01-01'),(480,421,'16-3A','*070716612',73.15,'A','2016-01-01'),(481,422,'16-3B','*03025094',74.45,'A','2016-01-01'),(482,423,'16-3C','W0000000',74.6,'A','2016-01-01'),(483,424,'17-1','*090812970',101.97,'A','2016-01-01'),(484,425,'17-2A','121052176',71.28,'A','2016-01-01'),(485,426,'17-2B','130100579',71.28,'A','2016-01-01'),(486,427,'17-3A','W0000000',81.02,'A','2016-01-01'),(487,428,'17-3B','12009140',79.36,'A','2016-01-01'),(488,429,'17-4A','12009124',81.02,'A','2016-01-01'),(489,430,'17-4B','12009139',80.98,'A','2016-01-01'),(490,431,'17-5A','W0000000',81,'A','2016-01-01'),(491,432,'17-5B','W0000000',80.99,'A','2016-01-01'),(492,433,'17-6A','*02001768',84.69,'A','2016-01-01'),(493,434,'17-6B','W0000000',84.65,'A','2016-01-01'),(494,435,'17-7','W0000000',126,'A','2016-01-01'),(495,436,'17-8','12134520',104.29,'A','2016-01-01'),(496,437,'17-9A','*061085667',60.03,'A','2016-01-01'),(497,438,'17-9B','11002946',60.17,'A','2016-01-01'),(498,439,'17-9C','*02001833',60.03,'A','2016-01-01'),(499,440,'17-9D','130102347',60.03,'A','2016-01-01'),(500,441,'17-10A','130101242',75.6,'A','2016-01-01'),(501,442,'17-10B','W0000000',75.6,'A','2016-01-01'),(502,443,'17-11A','98935803',75.6,'A','2016-01-01'),(503,444,'17-11B','*070344379',75.6,'A','2016-01-01'),(504,445,'17-12A','11005068',75.6,'A','2016-01-01'),(505,446,'17-12B','12112633',75.6,'A','2016-01-01'),(506,447,'17-13A','*041142012',75.6,'A','2016-01-01'),(507,448,'17-13B','97934883',55.8,'A','2016-01-01'),(508,449,'17-13C','96283548',55.8,'A','2016-01-01'),(509,450,'17-14A','*061085626',75.6,'A','2016-01-01'),(510,451,'17-14B','130100595',75.6,'A','2016-01-01'),(511,452,'17-15A','99601907',75.56,'A','2016-01-01'),(512,453,'17-15B','97007451',75.56,'A','2016-01-01'),(513,454,'18-1','11005070',90.36,'A','2016-01-01'),(514,455,'18-2','97934918',94.36,'A','2016-01-01'),(515,456,'18-3A','12109884',66.6,'A','2016-01-01'),(516,457,'18-3B','*081285355',81.88,'A','2016-01-01'),(517,458,'18-3-C','121052173',51.3,'A','2016-01-01'),(518,459,'18-4A','W0000000',81.92,'A','2016-01-01'),(519,460,'18-4B','130100953',81.88,'A','2016-01-01'),(520,461,'18-5A','97934903',81.92,'A','2016-01-01'),(521,462,'18-5B','97934904',81.88,'A','2016-01-01'),(522,463,'18-6A','W0000000',81.92,'A','2016-01-01'),(523,464,'18-6B','*070719225',81.88,'A','2016-01-01'),(524,465,'18-7','*070712824',119.74,'A','2016-01-01'),(525,466,'18-8','12009129',85.21,'A','2016-01-01'),(526,467,'18-9','-81285303',83.52,'A','2016-01-01'),(527,468,'18-10A','97935856',74.52,'A','2016-01-01'),(528,469,'18-10B','1501530662',74.52,'A','2016-01-01'),(529,470,'18-11A','*03025089',73.85,'A','2016-01-01'),(530,471,'18-11B','69467',73.82,'A','2016-01-01'),(531,472,'18-12A','*070716615',68.96,'A','2016-01-01'),(532,473,'18-12B','W0000000',68.96,'A','2016-01-01'),(533,474,'18-13A','97935834',78.84,'A','2016-01-01'),(534,475,'18-13B','W0000000',70.55,'A','2016-01-01'),(535,476,'18-14','12009132',91.73,'A','2016-01-01'),(536,477,'19-1A','140404168',56.7,'A','2016-01-01'),(537,478,'19-1B','*081285301',56.7,'A','2016-01-01'),(538,479,'19-1C','130100366',56.7,'A','2016-01-01'),(539,480,'19-1D','W0000000',56.7,'A','2016-01-01'),(540,481,'19-2A','97935774',74.74,'A','2016-01-01'),(541,482,'19-2B','*070719227',73.76,'A','2016-01-01'),(542,483,'19-3A','1601530902',80.12,'A','2016-01-01'),(543,484,'19-3B','*0703443801',80.12,'A','2016-01-01'),(544,485,'19-4A','W0000000',80.11,'A','2016-01-01'),(545,486,'19-4B','130100569',80.08,'A','2016-01-01'),(546,487,'19-5A','99549875',80.1,'A','2016-01-01'),(547,488,'19-5B','W0000000',80.09,'A','2016-01-01'),(548,489,'19-6A','41142016',80.1,'A','2016-01-01'),(549,490,'19-6B','*04020111',80.1,'A','2016-01-01'),(550,491,'19-7A','130101126',80.68,'A','2016-01-01'),(551,492,'19-7B','*02081696',80.66,'A','2016-01-01'),(552,493,'19-8A','*041142073',60.3,'A','2016-01-01'),(553,494,'19-8B','99549873',60.28,'A','2016-01-01'),(554,495,'19-8C','W0000000',60.28,'A','2016-01-01'),(555,496,'19-9','W0000000',143.03,'A','2016-01-01'),(556,497,'19-10','W0000000',129.1,'A','2016-01-01'),(557,498,'19-11A','97935764',71.28,'A','2016-01-01'),(558,499,'19-11B','*061085629',71.28,'A','2016-01-01'),(559,500,'19-11C','11002954',70.92,'A','2016-01-01'),(560,501,'19-12','W0000000',108.63,'A','2016-01-01'),(561,502,'19-13','W0000000',171.01,'A','2016-01-01'),(562,503,'19-14','W0000000',178.2,'A','2016-01-01'),(563,504,'19-15A','*041142020',71.1,'A','2016-01-01'),(564,505,'19-15B','*610855626',71.1,'A','2016-01-01'),(565,506,'19-16','97935758',93.96,'A','2016-01-01'),(566,507,'001','1234566543',39.6,'B','2016-09-04'),(567,507,'002','23243455667',39.6,'A','2016-09-04');
/*!40000 ALTER TABLE `cat_medidores` ENABLE KEYS */;
UNLOCK TABLES;

--
-- Table structure for table `cat_modulos`
--

DROP TABLE IF EXISTS `cat_modulos`;
/*!40101 SET @saved_cs_client     = @@character_set_client */;
/*!40101 SET character_set_client = utf8 */;
CREATE TABLE `cat_modulos` (
  `id_modulo` int(11) NOT NULL AUTO_INCREMENT,
  `nombre` varchar(100) DEFAULT NULL,
  `descripcion` varchar(200) DEFAULT NULL,
  `tipo_modulo` varchar(2) DEFAULT NULL COMMENT '1 es modulo\n2 es submodulo',
  `relacion` int(11) DEFAULT NULL,
  `id_componente` varchar(100) DEFAULT NULL,
  `estatus` varchar(2) DEFAULT NULL,
  `fecha_registro` date DEFAULT NULL,
  PRIMARY KEY (`id_modulo`)
) ENGINE=InnoDB AUTO_INCREMENT=16 DEFAULT CHARSET=utf8 COMMENT='definicion de modulos\n';
/*!40101 SET character_set_client = @saved_cs_client */;

--
-- Dumping data for table `cat_modulos`
--

LOCK TABLES `cat_modulos` WRITE;
/*!40000 ALTER TABLE `cat_modulos` DISABLE KEYS */;
INSERT INTO `cat_modulos` VALUES (1,'Administracion',NULL,'1',0,'tpAdmon','A',NULL),(2,'Finanzas',NULL,'1',0,'tpFinanzas','A',NULL),(3,'Catalogos',NULL,'1',0,'tpCatalogos','A',NULL),(4,'Configuracion',NULL,'1',0,'tpConfig','A',NULL),(5,'Mantenimiento',NULL,'2',1,'menuAManto','A',NULL),(6,'Cuotas de Agua',NULL,'2',1,'menuAAgua','A',NULL),(7,'Reportes',NULL,'2',1,'menuAReportes','A',NULL),(8,'Generacion de Cuotas del Mes',NULL,'3',5,'amGeneracionCM','A',NULL),(9,'Imprimir Avisos de Cobranza',NULL,'3',5,'amImprimirAC','A',NULL),(10,'Registro de Convenios',NULL,'3',5,'amConvenios','A',NULL),(11,'Caja General',NULL,'2',2,'menuFCaja','A',NULL),(12,'Credito y Cobranza',NULL,'2',2,'menuFCobranza','A',NULL),(13,'Reportes',NULL,'2',2,'menuFReportes','A',NULL),(14,'General',NULL,'2',3,'menuCGeneral','A',NULL),(15,'Sistema',NULL,'2',3,'menuCSistema','A',NULL);
/*!40000 ALTER TABLE `cat_modulos` ENABLE KEYS */;
UNLOCK TABLES;

--
-- Table structure for table `cat_parametros`
--

DROP TABLE IF EXISTS `cat_parametros`;
/*!40101 SET @saved_cs_client     = @@character_set_client */;
/*!40101 SET character_set_client = utf8 */;
CREATE TABLE `cat_parametros` (
  `id_param` int(11) NOT NULL AUTO_INCREMENT,
  `code_param` varchar(45) DEFAULT NULL,
  `descripcion` varchar(245) DEFAULT NULL,
  `valor` varchar(45) DEFAULT NULL,
  `estatus` varchar(2) DEFAULT 'A',
  `fecha_registro` date DEFAULT NULL,
  PRIMARY KEY (`id_param`)
) ENGINE=InnoDB AUTO_INCREMENT=9 DEFAULT CHARSET=utf8;
/*!40101 SET character_set_client = @saved_cs_client */;

--
-- Dumping data for table `cat_parametros`
--

LOCK TABLES `cat_parametros` WRITE;
/*!40000 ALTER TABLE `cat_parametros` DISABLE KEYS */;
INSERT INTO `cat_parametros` VALUES (1,'param_CNA1','Valor 1 para Calculo CNA','0.33','A','2016-09-04'),(2,'param_CNA2','Valor 2 para Calculo CNA','30','A','2016-01-01'),(3,'param_CNA3','Valor 3 para Calculo CNA','36','A','2016-01-01'),(4,'param_MANTO1','Tipo de Calculo para Mantenimiento','2','A','2016-01-01'),(5,'param_MANTO2','Base para el Calculo de Mantenimiento','0.33','A','2016-01-01'),(6,'PARAM_OTRO','PARAMETRO PARA CALCULO DE CEA','10.5','A','2016-09-04'),(7,'PARAM_OTRO2','PARAMETRO PARA CALCULO DE CEA','10.5','B','2016-09-04'),(8,'param_BCNA','PARAMETRO PARA EL CALCULO DE BCNA','2.97','A','2016-09-13');
/*!40000 ALTER TABLE `cat_parametros` ENABLE KEYS */;
UNLOCK TABLES;

--
-- Table structure for table `cat_perfiles`
--

DROP TABLE IF EXISTS `cat_perfiles`;
/*!40101 SET @saved_cs_client     = @@character_set_client */;
/*!40101 SET character_set_client = utf8 */;
CREATE TABLE `cat_perfiles` (
  `id_perfil` int(11) NOT NULL AUTO_INCREMENT,
  `descripcion` varchar(60) DEFAULT NULL,
  `estatus` varchar(2) DEFAULT NULL,
  `fecha_registro` date DEFAULT NULL,
  PRIMARY KEY (`id_perfil`)
) ENGINE=InnoDB AUTO_INCREMENT=4 DEFAULT CHARSET=utf8 COMMENT='Definicion de perfiles.';
/*!40101 SET character_set_client = @saved_cs_client */;

--
-- Dumping data for table `cat_perfiles`
--

LOCK TABLES `cat_perfiles` WRITE;
/*!40000 ALTER TABLE `cat_perfiles` DISABLE KEYS */;
INSERT INTO `cat_perfiles` VALUES (1,'Administrador','A','2021-08-16'),(2,'Usuario','A','2021-08-16'),(3,'Consulta','A','2021-08-16');
/*!40000 ALTER TABLE `cat_perfiles` ENABLE KEYS */;
UNLOCK TABLES;

--
-- Table structure for table `cat_periodos`
--

DROP TABLE IF EXISTS `cat_periodos`;
/*!40101 SET @saved_cs_client     = @@character_set_client */;
/*!40101 SET character_set_client = utf8 */;
CREATE TABLE `cat_periodos` (
  `id` int(11) NOT NULL,
  `periodo` varchar(2) DEFAULT NULL,
  `descripcion` varchar(45) DEFAULT NULL,
  `fecha_registro` date DEFAULT NULL,
  PRIMARY KEY (`id`)
) ENGINE=InnoDB DEFAULT CHARSET=utf8;
/*!40101 SET character_set_client = @saved_cs_client */;

--
-- Dumping data for table `cat_periodos`
--

LOCK TABLES `cat_periodos` WRITE;
/*!40000 ALTER TABLE `cat_periodos` DISABLE KEYS */;
INSERT INTO `cat_periodos` VALUES (1,'01','Enero','2016-09-01'),(2,'02','Febrero','2016-09-01'),(3,'03','Marzo','2016-09-01'),(4,'04','Abril','2016-09-01'),(5,'05','Mayo','2016-09-01'),(6,'06','Junio','2016-09-01'),(7,'07','Julio','2016-09-01'),(8,'08','Agosto','2016-09-01'),(9,'09','Septiembre','2016-09-01'),(10,'10','Octubre','2016-09-01'),(11,'11','Noviembre','2016-09-01'),(12,'12','Diciembre','2016-09-01');
/*!40000 ALTER TABLE `cat_periodos` ENABLE KEYS */;
UNLOCK TABLES;

--
-- Table structure for table `cat_puestos`
--

DROP TABLE IF EXISTS `cat_puestos`;
/*!40101 SET @saved_cs_client     = @@character_set_client */;
/*!40101 SET character_set_client = utf8 */;
CREATE TABLE `cat_puestos` (
  `id_puesto` int(11) NOT NULL AUTO_INCREMENT,
  `descripcion` varchar(100) DEFAULT NULL,
  `estatus` varchar(2) DEFAULT NULL,
  `fecha_registro` date DEFAULT NULL,
  PRIMARY KEY (`id_puesto`)
) ENGINE=InnoDB AUTO_INCREMENT=3 DEFAULT CHARSET=utf8 COMMENT='Definicion de puestos';
/*!40101 SET character_set_client = @saved_cs_client */;

--
-- Dumping data for table `cat_puestos`
--

LOCK TABLES `cat_puestos` WRITE;
/*!40000 ALTER TABLE `cat_puestos` DISABLE KEYS */;
INSERT INTO `cat_puestos` VALUES (1,'Gerente','A','2016-09-04'),(2,'Cajero','A','2016-09-04');
/*!40000 ALTER TABLE `cat_puestos` ENABLE KEYS */;
UNLOCK TABLES;

--
-- Table structure for table `cat_servicios`
--

DROP TABLE IF EXISTS `cat_servicios`;
/*!40101 SET @saved_cs_client     = @@character_set_client */;
/*!40101 SET character_set_client = utf8 */;
CREATE TABLE `cat_servicios` (
  `id_servicio` int(11) NOT NULL AUTO_INCREMENT,
  `folio` varchar(45) DEFAULT NULL,
  `servicio` varchar(100) DEFAULT NULL,
  `cuota` decimal(10,0) NOT NULL,
  `periodo` varchar(45) NOT NULL COMMENT 'E.J. JUNIO, JULIO\n',
  `ejercicio` varchar(4) NOT NULL,
  `tipo` varchar(2) DEFAULT NULL,
  `estatus` varchar(2) DEFAULT NULL,
  `fecha_registro` varchar(12) DEFAULT NULL,
  PRIMARY KEY (`id_servicio`)
) ENGINE=InnoDB AUTO_INCREMENT=4 DEFAULT CHARSET=utf8;
/*!40101 SET character_set_client = @saved_cs_client */;

--
-- Dumping data for table `cat_servicios`
--

LOCK TABLES `cat_servicios` WRITE;
/*!40000 ALTER TABLE `cat_servicios` DISABLE KEYS */;
INSERT INTO `cat_servicios` VALUES (1,'PANT00-MA','Anticipo Mantenimiento',0,'00','2016','PM','A','2016-09-07'),(2,'C00-MA','Cuota Mantenimiento',0,'00','2016','SE','A','2016-09-07'),(3,'C00-AG','Cuota Agua',0,'00','2016','SE','A','2016-09-07');
/*!40000 ALTER TABLE `cat_servicios` ENABLE KEYS */;
UNLOCK TABLES;

--
-- Table structure for table `cat_tipopago`
--

DROP TABLE IF EXISTS `cat_tipopago`;
/*!40101 SET @saved_cs_client     = @@character_set_client */;
/*!40101 SET character_set_client = utf8 */;
CREATE TABLE `cat_tipopago` (
  `id` int(11) NOT NULL AUTO_INCREMENT,
  `descripcion` varchar(45) DEFAULT NULL,
  `fecha` date DEFAULT NULL,
  PRIMARY KEY (`id`)
) ENGINE=InnoDB AUTO_INCREMENT=4 DEFAULT CHARSET=utf8;
/*!40101 SET character_set_client = @saved_cs_client */;

--
-- Dumping data for table `cat_tipopago`
--

LOCK TABLES `cat_tipopago` WRITE;
/*!40000 ALTER TABLE `cat_tipopago` DISABLE KEYS */;
INSERT INTO `cat_tipopago` VALUES (1,'ACTIVO','2016-09-01'),(2,'VENCIDO','2016-09-01'),(3,'ANTICIPO','2016-09-01');
/*!40000 ALTER TABLE `cat_tipopago` ENABLE KEYS */;
UNLOCK TABLES;

--
-- Table structure for table `cat_usuarios`
--

DROP TABLE IF EXISTS `cat_usuarios`;
/*!40101 SET @saved_cs_client     = @@character_set_client */;
/*!40101 SET character_set_client = utf8 */;
CREATE TABLE `cat_usuarios` (
  `id_usuario` int(11) NOT NULL,
  `nombre` varchar(100) DEFAULT NULL,
  `direccion` varchar(200) DEFAULT NULL,
  `puesto` varchar(2) DEFAULT NULL,
  `usuario` varchar(45) DEFAULT NULL,
  `contraseña` varchar(45) DEFAULT NULL,
  `id_perfil` varchar(2) DEFAULT NULL,
  `estatus` varchar(2) DEFAULT NULL,
  `fecha_registro` date DEFAULT NULL,
  PRIMARY KEY (`id_usuario`)
) ENGINE=InnoDB DEFAULT CHARSET=utf8 COMMENT='Tabla para la gestion del catalogo de usuarios registrados en el sistema.';
/*!40101 SET character_set_client = @saved_cs_client */;

--
-- Dumping data for table `cat_usuarios`
--

LOCK TABLES `cat_usuarios` WRITE;
/*!40000 ALTER TABLE `cat_usuarios` DISABLE KEYS */;
INSERT INTO `cat_usuarios` VALUES (1,'Jose Antonio Estrada','Gregorio Moereno','1','joanesbe','123','1','A','2016-09-08'),(2,'Cristhian Estrada','Gregorio','1','crispi','123','3','A','2016-09-04');
/*!40000 ALTER TABLE `cat_usuarios` ENABLE KEYS */;
UNLOCK TABLES;

--
-- Table structure for table `detalle_accesos`
--

DROP TABLE IF EXISTS `detalle_accesos`;
/*!40101 SET @saved_cs_client     = @@character_set_client */;
/*!40101 SET character_set_client = utf8 */;
CREATE TABLE `detalle_accesos` (
  `id_detalleA` int(11) NOT NULL AUTO_INCREMENT,
  `id_perfil` varchar(2) NOT NULL,
  `id_modulo` varchar(2) NOT NULL,
  PRIMARY KEY (`id_detalleA`)
) ENGINE=InnoDB AUTO_INCREMENT=31 DEFAULT CHARSET=utf8;
/*!40101 SET character_set_client = @saved_cs_client */;

--
-- Dumping data for table `detalle_accesos`
--

LOCK TABLES `detalle_accesos` WRITE;
/*!40000 ALTER TABLE `detalle_accesos` DISABLE KEYS */;
INSERT INTO `detalle_accesos` VALUES (1,'1','1'),(2,'1','2'),(3,'1','3'),(4,'1','4'),(5,'1','5'),(6,'1','6'),(7,'1','7'),(8,'1','8'),(9,'1','9'),(10,'1','10'),(11,'2','1'),(12,'2','5'),(13,'2','8'),(15,'1','11'),(16,'1','12'),(24,'3','9'),(25,'1','14'),(26,'1','15'),(27,'3','5'),(28,'3','8'),(30,'3','1');
/*!40000 ALTER TABLE `detalle_accesos` ENABLE KEYS */;
UNLOCK TABLES;

--
-- Table structure for table `detalle_anticipos`
--

DROP TABLE IF EXISTS `detalle_anticipos`;
/*!40101 SET @saved_cs_client     = @@character_set_client */;
/*!40101 SET character_set_client = utf8 */;
CREATE TABLE `detalle_anticipos` (
  `id` int(11) NOT NULL AUTO_INCREMENT,
  `id_factor` int(11) DEFAULT NULL,
  `id_servicio` int(11) DEFAULT NULL,
  `importe` double DEFAULT NULL,
  `importe_efectivo` double DEFAULT NULL,
  `no_cheque` varchar(45) DEFAULT NULL,
  `banco_cheque` varchar(2) DEFAULT NULL,
  `importe_cheque` double DEFAULT NULL,
  `no_ficha` varchar(45) DEFAULT NULL,
  `banco_ficha` varchar(2) DEFAULT NULL,
  `importe_ficha` double DEFAULT NULL,
  `estatus` varchar(2) DEFAULT NULL,
  `fecha_anticipo` date DEFAULT NULL,
  PRIMARY KEY (`id`)
) ENGINE=InnoDB AUTO_INCREMENT=4 DEFAULT CHARSET=utf8;
/*!40101 SET character_set_client = @saved_cs_client */;

--
-- Dumping data for table `detalle_anticipos`
--

LOCK TABLES `detalle_anticipos` WRITE;
/*!40000 ALTER TABLE `detalle_anticipos` DISABLE KEYS */;
INSERT INTO `detalle_anticipos` VALUES (2,7,3,500,500,'','1',0,'','1',0,'A','2016-09-15'),(3,7,3,800,800,'','1',0,'','1',0,'A','2016-09-15');
/*!40000 ALTER TABLE `detalle_anticipos` ENABLE KEYS */;
UNLOCK TABLES;

--
-- Table structure for table `detalle_funcionalidad`
--

DROP TABLE IF EXISTS `detalle_funcionalidad`;
/*!40101 SET @saved_cs_client     = @@character_set_client */;
/*!40101 SET character_set_client = utf8 */;
CREATE TABLE `detalle_funcionalidad` (
  `id_modulo` varchar(2) NOT NULL,
  `id_funcionalidad` varchar(2) NOT NULL,
  `id_perfil` varchar(2) NOT NULL
) ENGINE=InnoDB DEFAULT CHARSET=utf8;
/*!40101 SET character_set_client = @saved_cs_client */;

--
-- Dumping data for table `detalle_funcionalidad`
--

LOCK TABLES `detalle_funcionalidad` WRITE;
/*!40000 ALTER TABLE `detalle_funcionalidad` DISABLE KEYS */;
/*!40000 ALTER TABLE `detalle_funcionalidad` ENABLE KEYS */;
UNLOCK TABLES;

--
-- Table structure for table `excedente`
--

DROP TABLE IF EXISTS `excedente`;
/*!40101 SET @saved_cs_client     = @@character_set_client */;
/*!40101 SET character_set_client = utf8 */;
CREATE TABLE `excedente` (
  `id` int(11) NOT NULL AUTO_INCREMENT,
  `descripcion` varchar(200) DEFAULT NULL,
  `costo` varchar(45) DEFAULT NULL,
  `rangoIni` int(11) DEFAULT NULL,
  `rangoFin` int(11) DEFAULT NULL,
  `estatus` varchar(2) DEFAULT NULL,
  `fecha_registro` date DEFAULT NULL,
  PRIMARY KEY (`id`)
) ENGINE=InnoDB AUTO_INCREMENT=8 DEFAULT CHARSET=utf8;
/*!40101 SET character_set_client = @saved_cs_client */;

--
-- Dumping data for table `excedente`
--

LOCK TABLES `excedente` WRITE;
/*!40000 ALTER TABLE `excedente` DISABLE KEYS */;
INSERT INTO `excedente` VALUES (1,'1 A 30','3.69',1,30,'A','2016-09-13'),(2,'31 A 50','4.04',31,50,'A','2016-09-13'),(3,'51 A 100','4.55',51,100,'A','2016-09-13'),(4,'101 A 200','6.15',101,200,'A','2016-09-13'),(5,'201 A 300','7.50',201,300,'A','2016-09-13'),(6,'301 A 3000','11.66',301,3000,'A','2016-09-13'),(7,'3001 A MAS','20.79',3001,99999,'A','2016-09-13');
/*!40000 ALTER TABLE `excedente` ENABLE KEYS */;
UNLOCK TABLES;

--
-- Table structure for table `gestion_cuotas_agua`
--

DROP TABLE IF EXISTS `gestion_cuotas_agua`;
/*!40101 SET @saved_cs_client     = @@character_set_client */;
/*!40101 SET character_set_client = utf8 */;
CREATE TABLE `gestion_cuotas_agua` (
  `id` int(11) NOT NULL AUTO_INCREMENT,
  `id_kardex` int(11) DEFAULT NULL,
  `id_anticipo` int(11) DEFAULT NULL,
  PRIMARY KEY (`id`)
) ENGINE=InnoDB AUTO_INCREMENT=11 DEFAULT CHARSET=utf8;
/*!40101 SET character_set_client = @saved_cs_client */;

--
-- Dumping data for table `gestion_cuotas_agua`
--

LOCK TABLES `gestion_cuotas_agua` WRITE;
/*!40000 ALTER TABLE `gestion_cuotas_agua` DISABLE KEYS */;
/*!40000 ALTER TABLE `gestion_cuotas_agua` ENABLE KEYS */;
UNLOCK TABLES;

--
-- Table structure for table `kardex_convenios`
--

DROP TABLE IF EXISTS `kardex_convenios`;
/*!40101 SET @saved_cs_client     = @@character_set_client */;
/*!40101 SET character_set_client = utf8 */;
CREATE TABLE `kardex_convenios` (
  `id_convenio` int(11) NOT NULL AUTO_INCREMENT,
  `convenio` varchar(100) DEFAULT NULL,
  `id_colono` varchar(10) DEFAULT NULL,
  `importe` double DEFAULT NULL,
  `num_parcialidades` int(11) DEFAULT NULL,
  `dialimite_pago` int(11) DEFAULT NULL,
  `estatus` varchar(2) DEFAULT NULL,
  `fecha_registro` date DEFAULT NULL,
  PRIMARY KEY (`id_convenio`)
) ENGINE=InnoDB DEFAULT CHARSET=utf8;
/*!40101 SET character_set_client = @saved_cs_client */;

--
-- Dumping data for table `kardex_convenios`
--

LOCK TABLES `kardex_convenios` WRITE;
/*!40000 ALTER TABLE `kardex_convenios` DISABLE KEYS */;
/*!40000 ALTER TABLE `kardex_convenios` ENABLE KEYS */;
UNLOCK TABLES;

--
-- Table structure for table `kardex_servicios`
--

DROP TABLE IF EXISTS `kardex_servicios`;
/*!40101 SET @saved_cs_client     = @@character_set_client */;
/*!40101 SET character_set_client = utf8 */;
CREATE TABLE `kardex_servicios` (
  `id` int(11) NOT NULL AUTO_INCREMENT,
  `folio` varchar(20) NOT NULL,
  `folio_pago` int(11) DEFAULT NULL,
  `id_factor` int(11) DEFAULT NULL,
  `id_servicio` int(11) NOT NULL,
  `importe` double DEFAULT NULL,
  `servicio` varchar(100) DEFAULT NULL,
  `periodo` varchar(2) DEFAULT NULL,
  `anio` varchar(4) DEFAULT NULL,
  `estatus` varchar(2) DEFAULT NULL,
  `id_convenio` varchar(10) DEFAULT NULL,
  `tipo_pago` int(11) DEFAULT NULL,
  `fecha_registro` date DEFAULT NULL,
  PRIMARY KEY (`id`)
) ENGINE=InnoDB AUTO_INCREMENT=521 DEFAULT CHARSET=utf8;
/*!40101 SET character_set_client = @saved_cs_client */;

--
-- Dumping data for table `kardex_servicios`
--

LOCK TABLES `kardex_servicios` WRITE;
/*!40000 ALTER TABLE `kardex_servicios` DISABLE KEYS */;
INSERT INTO `kardex_servicios` VALUES (1,'C00-MA',33,507,2,750,'Cuota Mantenimiento','09','2016','S','',1,'2016-09-15'),(2,'C00-MA',2,266,2,750,'Cuota Mantenimiento','09','2016','S',NULL,1,'2016-09-08'),(4,'C00-MA',3,27,2,750,'Cuota Mantenimiento','10','2016','S',NULL,3,'2016-09-08'),(5,'C00-MA',4,466,2,750,'Cuota Mantenimiento','10','2016','S',NULL,3,'2016-09-08'),(6,'C00-MA',4,466,2,750,'Cuota Mantenimiento','12','2016','S',NULL,3,'2016-09-08'),(7,'C00-MA',5,3,2,750,'Cuota Mantenimiento','10','2016','S',NULL,3,'2016-09-10'),(8,'C00-MA',7,507,2,750,'Cuota Mantenimiento','08','2015','S',NULL,2,'2016-09-12'),(9,'C00-MA',8,223,2,750,'Cuota Mantenimiento','10','2016','S',NULL,3,'2016-09-12'),(10,'C00-MA',0,1,2,750,'Cuota Mantenimiento','02','2016','A',NULL,NULL,'2016-09-13'),(11,'C00-MA',0,2,2,750,'Cuota Mantenimiento','02','2016','A',NULL,NULL,'2016-09-13'),(12,'C00-MA',0,3,2,750,'Cuota Mantenimiento','02','2016','A',NULL,NULL,'2016-09-13'),(13,'C00-MA',0,4,2,750,'Cuota Mantenimiento','02','2016','A',NULL,NULL,'2016-09-13'),(14,'C00-MA',0,5,2,750,'Cuota Mantenimiento','02','2016','A',NULL,NULL,'2016-09-13'),(15,'C00-MA',0,6,2,750,'Cuota Mantenimiento','02','2016','A',NULL,NULL,'2016-09-13'),(16,'C00-MA',0,7,2,750,'Cuota Mantenimiento','02','2016','A',NULL,NULL,'2016-09-13'),(17,'C00-MA',0,8,2,750,'Cuota Mantenimiento','02','2016','A',NULL,NULL,'2016-09-13'),(18,'C00-MA',0,9,2,750,'Cuota Mantenimiento','02','2016','A',NULL,NULL,'2016-09-13'),(19,'C00-MA',0,10,2,750,'Cuota Mantenimiento','02','2016','A',NULL,NULL,'2016-09-13'),(20,'C00-MA',0,11,2,750,'Cuota Mantenimiento','02','2016','A',NULL,NULL,'2016-09-13'),(21,'C00-MA',0,12,2,750,'Cuota Mantenimiento','02','2016','A',NULL,NULL,'2016-09-13'),(22,'C00-MA',0,13,2,750,'Cuota Mantenimiento','02','2016','A',NULL,NULL,'2016-09-13'),(23,'C00-MA',0,14,2,750,'Cuota Mantenimiento','02','2016','A',NULL,NULL,'2016-09-13'),(24,'C00-MA',0,15,2,750,'Cuota Mantenimiento','02','2016','A',NULL,NULL,'2016-09-13'),(25,'C00-MA',0,16,2,750,'Cuota Mantenimiento','02','2016','A',NULL,NULL,'2016-09-13'),(26,'C00-MA',0,17,2,750,'Cuota Mantenimiento','02','2016','A',NULL,NULL,'2016-09-13'),(27,'C00-MA',0,18,2,750,'Cuota Mantenimiento','02','2016','A',NULL,NULL,'2016-09-13'),(28,'C00-MA',0,19,2,750,'Cuota Mantenimiento','02','2016','A',NULL,NULL,'2016-09-13'),(29,'C00-MA',0,20,2,750,'Cuota Mantenimiento','02','2016','A',NULL,NULL,'2016-09-13'),(30,'C00-MA',0,21,2,750,'Cuota Mantenimiento','02','2016','A',NULL,NULL,'2016-09-13'),(31,'C00-MA',0,22,2,750,'Cuota Mantenimiento','02','2016','A',NULL,NULL,'2016-09-13'),(32,'C00-MA',0,23,2,750,'Cuota Mantenimiento','02','2016','A',NULL,NULL,'2016-09-13'),(33,'C00-MA',0,24,2,750,'Cuota Mantenimiento','02','2016','A',NULL,NULL,'2016-09-13'),(34,'C00-MA',0,25,2,750,'Cuota Mantenimiento','02','2016','A',NULL,NULL,'2016-09-13'),(35,'C00-MA',0,26,2,750,'Cuota Mantenimiento','02','2016','A',NULL,NULL,'2016-09-13'),(36,'C00-MA',0,27,2,750,'Cuota Mantenimiento','02','2016','A',NULL,NULL,'2016-09-13'),(37,'C00-MA',0,28,2,750,'Cuota Mantenimiento','02','2016','A',NULL,NULL,'2016-09-13'),(38,'C00-MA',0,29,2,750,'Cuota Mantenimiento','02','2016','A',NULL,NULL,'2016-09-13'),(39,'C00-MA',0,30,2,750,'Cuota Mantenimiento','02','2016','A',NULL,NULL,'2016-09-13'),(40,'C00-MA',0,31,2,750,'Cuota Mantenimiento','02','2016','A',NULL,NULL,'2016-09-13'),(41,'C00-MA',0,32,2,750,'Cuota Mantenimiento','02','2016','A',NULL,NULL,'2016-09-13'),(42,'C00-MA',0,33,2,750,'Cuota Mantenimiento','02','2016','A',NULL,NULL,'2016-09-13'),(43,'C00-MA',0,34,2,750,'Cuota Mantenimiento','02','2016','A',NULL,NULL,'2016-09-13'),(44,'C00-MA',0,35,2,750,'Cuota Mantenimiento','02','2016','A',NULL,NULL,'2016-09-13'),(45,'C00-MA',0,36,2,750,'Cuota Mantenimiento','02','2016','A',NULL,NULL,'2016-09-13'),(46,'C00-MA',0,37,2,750,'Cuota Mantenimiento','02','2016','A',NULL,NULL,'2016-09-13'),(47,'C00-MA',0,38,2,750,'Cuota Mantenimiento','02','2016','A',NULL,NULL,'2016-09-13'),(48,'C00-MA',0,39,2,750,'Cuota Mantenimiento','02','2016','A',NULL,NULL,'2016-09-13'),(49,'C00-MA',0,40,2,750,'Cuota Mantenimiento','02','2016','A',NULL,NULL,'2016-09-13'),(50,'C00-MA',0,41,2,750,'Cuota Mantenimiento','02','2016','A',NULL,NULL,'2016-09-13'),(51,'C00-MA',0,42,2,750,'Cuota Mantenimiento','02','2016','A',NULL,NULL,'2016-09-13'),(52,'C00-MA',0,43,2,750,'Cuota Mantenimiento','02','2016','A',NULL,NULL,'2016-09-13'),(53,'C00-MA',0,44,2,750,'Cuota Mantenimiento','02','2016','A',NULL,NULL,'2016-09-13'),(54,'C00-MA',0,45,2,750,'Cuota Mantenimiento','02','2016','A',NULL,NULL,'2016-09-13'),(55,'C00-MA',0,46,2,750,'Cuota Mantenimiento','02','2016','A',NULL,NULL,'2016-09-13'),(56,'C00-MA',0,47,2,750,'Cuota Mantenimiento','02','2016','A',NULL,NULL,'2016-09-13'),(57,'C00-MA',0,48,2,750,'Cuota Mantenimiento','02','2016','A',NULL,NULL,'2016-09-13'),(58,'C00-MA',0,49,2,750,'Cuota Mantenimiento','02','2016','A',NULL,NULL,'2016-09-13'),(59,'C00-MA',0,50,2,750,'Cuota Mantenimiento','02','2016','A',NULL,NULL,'2016-09-13'),(60,'C00-MA',0,51,2,750,'Cuota Mantenimiento','02','2016','A',NULL,NULL,'2016-09-13'),(61,'C00-MA',0,52,2,750,'Cuota Mantenimiento','02','2016','A',NULL,NULL,'2016-09-13'),(62,'C00-MA',0,53,2,750,'Cuota Mantenimiento','02','2016','A',NULL,NULL,'2016-09-13'),(63,'C00-MA',0,54,2,750,'Cuota Mantenimiento','02','2016','A',NULL,NULL,'2016-09-13'),(64,'C00-MA',0,55,2,750,'Cuota Mantenimiento','02','2016','A',NULL,NULL,'2016-09-13'),(65,'C00-MA',0,56,2,750,'Cuota Mantenimiento','02','2016','A',NULL,NULL,'2016-09-13'),(66,'C00-MA',0,57,2,750,'Cuota Mantenimiento','02','2016','A',NULL,NULL,'2016-09-13'),(67,'C00-MA',0,58,2,750,'Cuota Mantenimiento','02','2016','A',NULL,NULL,'2016-09-13'),(68,'C00-MA',0,59,2,750,'Cuota Mantenimiento','02','2016','A',NULL,NULL,'2016-09-13'),(69,'C00-MA',0,60,2,750,'Cuota Mantenimiento','02','2016','A',NULL,NULL,'2016-09-13'),(70,'C00-MA',0,61,2,750,'Cuota Mantenimiento','02','2016','A',NULL,NULL,'2016-09-13'),(71,'C00-MA',0,62,2,750,'Cuota Mantenimiento','02','2016','A',NULL,NULL,'2016-09-13'),(72,'C00-MA',0,63,2,750,'Cuota Mantenimiento','02','2016','A',NULL,NULL,'2016-09-13'),(73,'C00-MA',0,64,2,750,'Cuota Mantenimiento','02','2016','A',NULL,NULL,'2016-09-13'),(74,'C00-MA',0,65,2,750,'Cuota Mantenimiento','02','2016','A',NULL,NULL,'2016-09-13'),(75,'C00-MA',0,66,2,750,'Cuota Mantenimiento','02','2016','A',NULL,NULL,'2016-09-13'),(76,'C00-MA',0,67,2,750,'Cuota Mantenimiento','02','2016','A',NULL,NULL,'2016-09-13'),(77,'C00-MA',0,68,2,750,'Cuota Mantenimiento','02','2016','A',NULL,NULL,'2016-09-13'),(78,'C00-MA',0,69,2,750,'Cuota Mantenimiento','02','2016','A',NULL,NULL,'2016-09-13'),(79,'C00-MA',0,70,2,750,'Cuota Mantenimiento','02','2016','A',NULL,NULL,'2016-09-13'),(80,'C00-MA',0,71,2,750,'Cuota Mantenimiento','02','2016','A',NULL,NULL,'2016-09-13'),(81,'C00-MA',0,72,2,750,'Cuota Mantenimiento','02','2016','A',NULL,NULL,'2016-09-13'),(82,'C00-MA',0,73,2,750,'Cuota Mantenimiento','02','2016','A',NULL,NULL,'2016-09-13'),(83,'C00-MA',0,74,2,750,'Cuota Mantenimiento','02','2016','A',NULL,NULL,'2016-09-13'),(84,'C00-MA',0,75,2,750,'Cuota Mantenimiento','02','2016','A',NULL,NULL,'2016-09-13'),(85,'C00-MA',0,76,2,750,'Cuota Mantenimiento','02','2016','A',NULL,NULL,'2016-09-13'),(86,'C00-MA',0,77,2,750,'Cuota Mantenimiento','02','2016','A',NULL,NULL,'2016-09-13'),(87,'C00-MA',0,78,2,750,'Cuota Mantenimiento','02','2016','A',NULL,NULL,'2016-09-13'),(88,'C00-MA',0,79,2,750,'Cuota Mantenimiento','02','2016','A',NULL,NULL,'2016-09-13'),(89,'C00-MA',0,80,2,750,'Cuota Mantenimiento','02','2016','A',NULL,NULL,'2016-09-13'),(90,'C00-MA',0,81,2,750,'Cuota Mantenimiento','02','2016','A',NULL,NULL,'2016-09-13'),(91,'C00-MA',0,82,2,750,'Cuota Mantenimiento','02','2016','A',NULL,NULL,'2016-09-13'),(92,'C00-MA',0,83,2,750,'Cuota Mantenimiento','02','2016','A',NULL,NULL,'2016-09-13'),(93,'C00-MA',0,84,2,750,'Cuota Mantenimiento','02','2016','A',NULL,NULL,'2016-09-13'),(94,'C00-MA',0,85,2,750,'Cuota Mantenimiento','02','2016','A',NULL,NULL,'2016-09-13'),(95,'C00-MA',0,86,2,750,'Cuota Mantenimiento','02','2016','A',NULL,NULL,'2016-09-13'),(96,'C00-MA',0,87,2,750,'Cuota Mantenimiento','02','2016','A',NULL,NULL,'2016-09-13'),(97,'C00-MA',0,88,2,750,'Cuota Mantenimiento','02','2016','A',NULL,NULL,'2016-09-13'),(98,'C00-MA',0,89,2,750,'Cuota Mantenimiento','02','2016','A',NULL,NULL,'2016-09-13'),(99,'C00-MA',0,90,2,750,'Cuota Mantenimiento','02','2016','A',NULL,NULL,'2016-09-13'),(100,'C00-MA',0,91,2,750,'Cuota Mantenimiento','02','2016','A',NULL,NULL,'2016-09-13'),(101,'C00-MA',0,92,2,750,'Cuota Mantenimiento','02','2016','A',NULL,NULL,'2016-09-13'),(102,'C00-MA',0,93,2,750,'Cuota Mantenimiento','02','2016','A',NULL,NULL,'2016-09-13'),(103,'C00-MA',0,94,2,750,'Cuota Mantenimiento','02','2016','A',NULL,NULL,'2016-09-13'),(104,'C00-MA',0,95,2,750,'Cuota Mantenimiento','02','2016','A',NULL,NULL,'2016-09-13'),(105,'C00-MA',0,96,2,750,'Cuota Mantenimiento','02','2016','A',NULL,NULL,'2016-09-13'),(106,'C00-MA',0,97,2,750,'Cuota Mantenimiento','02','2016','A',NULL,NULL,'2016-09-13'),(107,'C00-MA',0,98,2,750,'Cuota Mantenimiento','02','2016','A',NULL,NULL,'2016-09-13'),(108,'C00-MA',0,99,2,750,'Cuota Mantenimiento','02','2016','A',NULL,NULL,'2016-09-13'),(109,'C00-MA',0,100,2,750,'Cuota Mantenimiento','02','2016','A',NULL,NULL,'2016-09-13'),(110,'C00-MA',0,101,2,750,'Cuota Mantenimiento','02','2016','A',NULL,NULL,'2016-09-13'),(111,'C00-MA',0,102,2,750,'Cuota Mantenimiento','02','2016','A',NULL,NULL,'2016-09-13'),(112,'C00-MA',0,103,2,750,'Cuota Mantenimiento','02','2016','A',NULL,NULL,'2016-09-13'),(113,'C00-MA',0,104,2,750,'Cuota Mantenimiento','02','2016','A',NULL,NULL,'2016-09-13'),(114,'C00-MA',0,105,2,750,'Cuota Mantenimiento','02','2016','A',NULL,NULL,'2016-09-13'),(115,'C00-MA',0,106,2,750,'Cuota Mantenimiento','02','2016','A',NULL,NULL,'2016-09-13'),(116,'C00-MA',0,107,2,750,'Cuota Mantenimiento','02','2016','A',NULL,NULL,'2016-09-13'),(117,'C00-MA',0,108,2,750,'Cuota Mantenimiento','02','2016','A',NULL,NULL,'2016-09-13'),(118,'C00-MA',0,109,2,750,'Cuota Mantenimiento','02','2016','A',NULL,NULL,'2016-09-13'),(119,'C00-MA',0,110,2,750,'Cuota Mantenimiento','02','2016','A',NULL,NULL,'2016-09-13'),(120,'C00-MA',0,111,2,750,'Cuota Mantenimiento','02','2016','A',NULL,NULL,'2016-09-13'),(121,'C00-MA',0,112,2,750,'Cuota Mantenimiento','02','2016','A',NULL,NULL,'2016-09-13'),(122,'C00-MA',0,113,2,750,'Cuota Mantenimiento','02','2016','A',NULL,NULL,'2016-09-13'),(123,'C00-MA',0,114,2,750,'Cuota Mantenimiento','02','2016','A',NULL,NULL,'2016-09-13'),(124,'C00-MA',0,115,2,750,'Cuota Mantenimiento','02','2016','A',NULL,NULL,'2016-09-13'),(125,'C00-MA',0,116,2,750,'Cuota Mantenimiento','02','2016','A',NULL,NULL,'2016-09-13'),(126,'C00-MA',0,117,2,750,'Cuota Mantenimiento','02','2016','A',NULL,NULL,'2016-09-13'),(127,'C00-MA',0,118,2,750,'Cuota Mantenimiento','02','2016','A',NULL,NULL,'2016-09-13'),(128,'C00-MA',0,119,2,750,'Cuota Mantenimiento','02','2016','A',NULL,NULL,'2016-09-13'),(129,'C00-MA',0,120,2,750,'Cuota Mantenimiento','02','2016','A',NULL,NULL,'2016-09-13'),(130,'C00-MA',0,121,2,750,'Cuota Mantenimiento','02','2016','A',NULL,NULL,'2016-09-13'),(131,'C00-MA',0,122,2,750,'Cuota Mantenimiento','02','2016','A',NULL,NULL,'2016-09-13'),(132,'C00-MA',0,123,2,750,'Cuota Mantenimiento','02','2016','A',NULL,NULL,'2016-09-13'),(133,'C00-MA',0,124,2,750,'Cuota Mantenimiento','02','2016','A',NULL,NULL,'2016-09-13'),(134,'C00-MA',0,125,2,750,'Cuota Mantenimiento','02','2016','A',NULL,NULL,'2016-09-13'),(135,'C00-MA',0,126,2,750,'Cuota Mantenimiento','02','2016','A',NULL,NULL,'2016-09-13'),(136,'C00-MA',0,127,2,750,'Cuota Mantenimiento','02','2016','A',NULL,NULL,'2016-09-13'),(137,'C00-MA',0,128,2,750,'Cuota Mantenimiento','02','2016','A',NULL,NULL,'2016-09-13'),(138,'C00-MA',0,129,2,750,'Cuota Mantenimiento','02','2016','A',NULL,NULL,'2016-09-13'),(139,'C00-MA',0,130,2,750,'Cuota Mantenimiento','02','2016','A',NULL,NULL,'2016-09-13'),(140,'C00-MA',0,131,2,750,'Cuota Mantenimiento','02','2016','A',NULL,NULL,'2016-09-13'),(141,'C00-MA',0,132,2,750,'Cuota Mantenimiento','02','2016','A',NULL,NULL,'2016-09-13'),(142,'C00-MA',0,133,2,750,'Cuota Mantenimiento','02','2016','A',NULL,NULL,'2016-09-13'),(143,'C00-MA',0,134,2,750,'Cuota Mantenimiento','02','2016','A',NULL,NULL,'2016-09-13'),(144,'C00-MA',0,135,2,750,'Cuota Mantenimiento','02','2016','A',NULL,NULL,'2016-09-13'),(145,'C00-MA',0,136,2,750,'Cuota Mantenimiento','02','2016','A',NULL,NULL,'2016-09-13'),(146,'C00-MA',0,137,2,750,'Cuota Mantenimiento','02','2016','A',NULL,NULL,'2016-09-13'),(147,'C00-MA',0,138,2,750,'Cuota Mantenimiento','02','2016','A',NULL,NULL,'2016-09-13'),(148,'C00-MA',0,139,2,750,'Cuota Mantenimiento','02','2016','A',NULL,NULL,'2016-09-13'),(149,'C00-MA',0,140,2,750,'Cuota Mantenimiento','02','2016','A',NULL,NULL,'2016-09-13'),(150,'C00-MA',0,141,2,750,'Cuota Mantenimiento','02','2016','A',NULL,NULL,'2016-09-13'),(151,'C00-MA',0,142,2,750,'Cuota Mantenimiento','02','2016','A',NULL,NULL,'2016-09-13'),(152,'C00-MA',0,143,2,750,'Cuota Mantenimiento','02','2016','A',NULL,NULL,'2016-09-13'),(153,'C00-MA',0,144,2,750,'Cuota Mantenimiento','02','2016','A',NULL,NULL,'2016-09-13'),(154,'C00-MA',0,145,2,750,'Cuota Mantenimiento','02','2016','A',NULL,NULL,'2016-09-13'),(155,'C00-MA',0,146,2,750,'Cuota Mantenimiento','02','2016','A',NULL,NULL,'2016-09-13'),(156,'C00-MA',0,147,2,750,'Cuota Mantenimiento','02','2016','A',NULL,NULL,'2016-09-13'),(157,'C00-MA',0,148,2,750,'Cuota Mantenimiento','02','2016','A',NULL,NULL,'2016-09-13'),(158,'C00-MA',0,149,2,750,'Cuota Mantenimiento','02','2016','A',NULL,NULL,'2016-09-13'),(159,'C00-MA',0,150,2,750,'Cuota Mantenimiento','02','2016','A',NULL,NULL,'2016-09-13'),(160,'C00-MA',0,151,2,750,'Cuota Mantenimiento','02','2016','A',NULL,NULL,'2016-09-13'),(161,'C00-MA',0,152,2,750,'Cuota Mantenimiento','02','2016','A',NULL,NULL,'2016-09-13'),(162,'C00-MA',0,153,2,750,'Cuota Mantenimiento','02','2016','A',NULL,NULL,'2016-09-13'),(163,'C00-MA',0,154,2,750,'Cuota Mantenimiento','02','2016','A',NULL,NULL,'2016-09-13'),(164,'C00-MA',0,155,2,750,'Cuota Mantenimiento','02','2016','A',NULL,NULL,'2016-09-13'),(165,'C00-MA',0,156,2,750,'Cuota Mantenimiento','02','2016','A',NULL,NULL,'2016-09-13'),(166,'C00-MA',0,157,2,750,'Cuota Mantenimiento','02','2016','A',NULL,NULL,'2016-09-13'),(167,'C00-MA',0,158,2,750,'Cuota Mantenimiento','02','2016','A',NULL,NULL,'2016-09-13'),(168,'C00-MA',0,159,2,750,'Cuota Mantenimiento','02','2016','A',NULL,NULL,'2016-09-13'),(169,'C00-MA',0,160,2,750,'Cuota Mantenimiento','02','2016','A',NULL,NULL,'2016-09-13'),(170,'C00-MA',0,161,2,750,'Cuota Mantenimiento','02','2016','A',NULL,NULL,'2016-09-13'),(171,'C00-MA',0,162,2,750,'Cuota Mantenimiento','02','2016','A',NULL,NULL,'2016-09-13'),(172,'C00-MA',0,163,2,750,'Cuota Mantenimiento','02','2016','A',NULL,NULL,'2016-09-13'),(173,'C00-MA',0,164,2,750,'Cuota Mantenimiento','02','2016','A',NULL,NULL,'2016-09-13'),(174,'C00-MA',0,165,2,750,'Cuota Mantenimiento','02','2016','A',NULL,NULL,'2016-09-13'),(175,'C00-MA',0,166,2,750,'Cuota Mantenimiento','02','2016','A',NULL,NULL,'2016-09-13'),(176,'C00-MA',0,167,2,750,'Cuota Mantenimiento','02','2016','A',NULL,NULL,'2016-09-13'),(177,'C00-MA',0,168,2,750,'Cuota Mantenimiento','02','2016','A',NULL,NULL,'2016-09-13'),(178,'C00-MA',0,169,2,750,'Cuota Mantenimiento','02','2016','A',NULL,NULL,'2016-09-13'),(179,'C00-MA',0,170,2,750,'Cuota Mantenimiento','02','2016','A',NULL,NULL,'2016-09-13'),(180,'C00-MA',0,171,2,750,'Cuota Mantenimiento','02','2016','A',NULL,NULL,'2016-09-13'),(181,'C00-MA',0,172,2,750,'Cuota Mantenimiento','02','2016','A',NULL,NULL,'2016-09-13'),(182,'C00-MA',0,173,2,750,'Cuota Mantenimiento','02','2016','A',NULL,NULL,'2016-09-13'),(183,'C00-MA',0,174,2,750,'Cuota Mantenimiento','02','2016','A',NULL,NULL,'2016-09-13'),(184,'C00-MA',0,175,2,750,'Cuota Mantenimiento','02','2016','A',NULL,NULL,'2016-09-13'),(185,'C00-MA',0,176,2,750,'Cuota Mantenimiento','02','2016','A',NULL,NULL,'2016-09-13'),(186,'C00-MA',0,177,2,750,'Cuota Mantenimiento','02','2016','A',NULL,NULL,'2016-09-13'),(187,'C00-MA',0,178,2,750,'Cuota Mantenimiento','02','2016','A',NULL,NULL,'2016-09-13'),(188,'C00-MA',0,179,2,750,'Cuota Mantenimiento','02','2016','A',NULL,NULL,'2016-09-13'),(189,'C00-MA',0,180,2,750,'Cuota Mantenimiento','02','2016','A',NULL,NULL,'2016-09-13'),(190,'C00-MA',0,181,2,750,'Cuota Mantenimiento','02','2016','A',NULL,NULL,'2016-09-13'),(191,'C00-MA',0,182,2,750,'Cuota Mantenimiento','02','2016','A',NULL,NULL,'2016-09-13'),(192,'C00-MA',0,183,2,750,'Cuota Mantenimiento','02','2016','A',NULL,NULL,'2016-09-13'),(193,'C00-MA',0,184,2,750,'Cuota Mantenimiento','02','2016','A',NULL,NULL,'2016-09-13'),(194,'C00-MA',0,185,2,750,'Cuota Mantenimiento','02','2016','A',NULL,NULL,'2016-09-13'),(195,'C00-MA',0,186,2,750,'Cuota Mantenimiento','02','2016','A',NULL,NULL,'2016-09-13'),(196,'C00-MA',0,187,2,750,'Cuota Mantenimiento','02','2016','A',NULL,NULL,'2016-09-13'),(197,'C00-MA',0,188,2,750,'Cuota Mantenimiento','02','2016','A',NULL,NULL,'2016-09-13'),(198,'C00-MA',0,189,2,750,'Cuota Mantenimiento','02','2016','A',NULL,NULL,'2016-09-13'),(199,'C00-MA',0,190,2,750,'Cuota Mantenimiento','02','2016','A',NULL,NULL,'2016-09-13'),(200,'C00-MA',0,191,2,750,'Cuota Mantenimiento','02','2016','A',NULL,NULL,'2016-09-13'),(201,'C00-MA',0,192,2,750,'Cuota Mantenimiento','02','2016','A',NULL,NULL,'2016-09-13'),(202,'C00-MA',0,193,2,750,'Cuota Mantenimiento','02','2016','A',NULL,NULL,'2016-09-13'),(203,'C00-MA',0,194,2,750,'Cuota Mantenimiento','02','2016','A',NULL,NULL,'2016-09-13'),(204,'C00-MA',0,195,2,750,'Cuota Mantenimiento','02','2016','A',NULL,NULL,'2016-09-13'),(205,'C00-MA',0,196,2,750,'Cuota Mantenimiento','02','2016','A',NULL,NULL,'2016-09-13'),(206,'C00-MA',0,197,2,750,'Cuota Mantenimiento','02','2016','A',NULL,NULL,'2016-09-13'),(207,'C00-MA',0,198,2,750,'Cuota Mantenimiento','02','2016','A',NULL,NULL,'2016-09-13'),(208,'C00-MA',0,199,2,750,'Cuota Mantenimiento','02','2016','A',NULL,NULL,'2016-09-13'),(209,'C00-MA',0,200,2,750,'Cuota Mantenimiento','02','2016','A',NULL,NULL,'2016-09-13'),(210,'C00-MA',0,201,2,750,'Cuota Mantenimiento','02','2016','A',NULL,NULL,'2016-09-13'),(211,'C00-MA',0,202,2,750,'Cuota Mantenimiento','02','2016','A',NULL,NULL,'2016-09-13'),(212,'C00-MA',0,203,2,750,'Cuota Mantenimiento','02','2016','A',NULL,NULL,'2016-09-13'),(213,'C00-MA',0,204,2,750,'Cuota Mantenimiento','02','2016','A',NULL,NULL,'2016-09-13'),(214,'C00-MA',0,205,2,750,'Cuota Mantenimiento','02','2016','A',NULL,NULL,'2016-09-13'),(215,'C00-MA',0,206,2,750,'Cuota Mantenimiento','02','2016','A',NULL,NULL,'2016-09-13'),(216,'C00-MA',0,207,2,750,'Cuota Mantenimiento','02','2016','A',NULL,NULL,'2016-09-13'),(217,'C00-MA',0,208,2,750,'Cuota Mantenimiento','02','2016','A',NULL,NULL,'2016-09-13'),(218,'C00-MA',0,209,2,750,'Cuota Mantenimiento','02','2016','A',NULL,NULL,'2016-09-13'),(219,'C00-MA',0,210,2,750,'Cuota Mantenimiento','02','2016','A',NULL,NULL,'2016-09-13'),(220,'C00-MA',0,211,2,750,'Cuota Mantenimiento','02','2016','A',NULL,NULL,'2016-09-13'),(221,'C00-MA',0,212,2,750,'Cuota Mantenimiento','02','2016','A',NULL,NULL,'2016-09-13'),(222,'C00-MA',0,213,2,750,'Cuota Mantenimiento','02','2016','A',NULL,NULL,'2016-09-13'),(223,'C00-MA',0,214,2,750,'Cuota Mantenimiento','02','2016','A',NULL,NULL,'2016-09-13'),(224,'C00-MA',0,215,2,750,'Cuota Mantenimiento','02','2016','A',NULL,NULL,'2016-09-13'),(225,'C00-MA',0,216,2,750,'Cuota Mantenimiento','02','2016','A',NULL,NULL,'2016-09-13'),(226,'C00-MA',0,217,2,750,'Cuota Mantenimiento','02','2016','A',NULL,NULL,'2016-09-13'),(227,'C00-MA',0,218,2,750,'Cuota Mantenimiento','02','2016','A',NULL,NULL,'2016-09-13'),(228,'C00-MA',0,219,2,750,'Cuota Mantenimiento','02','2016','A',NULL,NULL,'2016-09-13'),(229,'C00-MA',0,220,2,750,'Cuota Mantenimiento','02','2016','A',NULL,NULL,'2016-09-13'),(230,'C00-MA',0,221,2,750,'Cuota Mantenimiento','02','2016','A',NULL,NULL,'2016-09-13'),(231,'C00-MA',0,222,2,750,'Cuota Mantenimiento','02','2016','A',NULL,NULL,'2016-09-13'),(232,'C00-MA',0,223,2,750,'Cuota Mantenimiento','02','2016','A',NULL,NULL,'2016-09-13'),(233,'C00-MA',0,224,2,750,'Cuota Mantenimiento','02','2016','A',NULL,NULL,'2016-09-13'),(234,'C00-MA',0,225,2,750,'Cuota Mantenimiento','02','2016','A',NULL,NULL,'2016-09-13'),(235,'C00-MA',0,226,2,750,'Cuota Mantenimiento','02','2016','A',NULL,NULL,'2016-09-13'),(236,'C00-MA',0,227,2,750,'Cuota Mantenimiento','02','2016','A',NULL,NULL,'2016-09-13'),(237,'C00-MA',0,228,2,750,'Cuota Mantenimiento','02','2016','A',NULL,NULL,'2016-09-13'),(238,'C00-MA',0,229,2,750,'Cuota Mantenimiento','02','2016','A',NULL,NULL,'2016-09-13'),(239,'C00-MA',0,230,2,750,'Cuota Mantenimiento','02','2016','A',NULL,NULL,'2016-09-13'),(240,'C00-MA',0,231,2,750,'Cuota Mantenimiento','02','2016','A',NULL,NULL,'2016-09-13'),(241,'C00-MA',0,232,2,750,'Cuota Mantenimiento','02','2016','A',NULL,NULL,'2016-09-13'),(242,'C00-MA',0,233,2,750,'Cuota Mantenimiento','02','2016','A',NULL,NULL,'2016-09-13'),(243,'C00-MA',0,234,2,750,'Cuota Mantenimiento','02','2016','A',NULL,NULL,'2016-09-13'),(244,'C00-MA',0,235,2,750,'Cuota Mantenimiento','02','2016','A',NULL,NULL,'2016-09-13'),(245,'C00-MA',0,236,2,750,'Cuota Mantenimiento','02','2016','A',NULL,NULL,'2016-09-13'),(246,'C00-MA',0,237,2,750,'Cuota Mantenimiento','02','2016','A',NULL,NULL,'2016-09-13'),(247,'C00-MA',0,238,2,750,'Cuota Mantenimiento','02','2016','A',NULL,NULL,'2016-09-13'),(248,'C00-MA',0,239,2,750,'Cuota Mantenimiento','02','2016','A',NULL,NULL,'2016-09-13'),(249,'C00-MA',0,240,2,750,'Cuota Mantenimiento','02','2016','A',NULL,NULL,'2016-09-13'),(250,'C00-MA',0,241,2,750,'Cuota Mantenimiento','02','2016','A',NULL,NULL,'2016-09-13'),(251,'C00-MA',0,242,2,750,'Cuota Mantenimiento','02','2016','A',NULL,NULL,'2016-09-13'),(252,'C00-MA',0,243,2,750,'Cuota Mantenimiento','02','2016','A',NULL,NULL,'2016-09-13'),(253,'C00-MA',0,244,2,750,'Cuota Mantenimiento','02','2016','A',NULL,NULL,'2016-09-13'),(254,'C00-MA',0,245,2,750,'Cuota Mantenimiento','02','2016','A',NULL,NULL,'2016-09-13'),(255,'C00-MA',0,246,2,750,'Cuota Mantenimiento','02','2016','A',NULL,NULL,'2016-09-13'),(256,'C00-MA',0,247,2,750,'Cuota Mantenimiento','02','2016','A',NULL,NULL,'2016-09-13'),(257,'C00-MA',0,248,2,750,'Cuota Mantenimiento','02','2016','A',NULL,NULL,'2016-09-13'),(258,'C00-MA',0,249,2,750,'Cuota Mantenimiento','02','2016','A',NULL,NULL,'2016-09-13'),(259,'C00-MA',0,250,2,750,'Cuota Mantenimiento','02','2016','A',NULL,NULL,'2016-09-13'),(260,'C00-MA',0,251,2,750,'Cuota Mantenimiento','02','2016','A',NULL,NULL,'2016-09-13'),(261,'C00-MA',0,252,2,750,'Cuota Mantenimiento','02','2016','A',NULL,NULL,'2016-09-13'),(262,'C00-MA',0,253,2,750,'Cuota Mantenimiento','02','2016','A',NULL,NULL,'2016-09-13'),(263,'C00-MA',0,254,2,750,'Cuota Mantenimiento','02','2016','A',NULL,NULL,'2016-09-13'),(264,'C00-MA',0,255,2,750,'Cuota Mantenimiento','02','2016','A',NULL,NULL,'2016-09-13'),(265,'C00-MA',0,256,2,750,'Cuota Mantenimiento','02','2016','A',NULL,NULL,'2016-09-13'),(266,'C00-MA',0,257,2,750,'Cuota Mantenimiento','02','2016','A',NULL,NULL,'2016-09-13'),(267,'C00-MA',0,258,2,750,'Cuota Mantenimiento','02','2016','A',NULL,NULL,'2016-09-13'),(268,'C00-MA',0,259,2,750,'Cuota Mantenimiento','02','2016','A',NULL,NULL,'2016-09-13'),(269,'C00-MA',0,260,2,750,'Cuota Mantenimiento','02','2016','A',NULL,NULL,'2016-09-13'),(270,'C00-MA',0,261,2,750,'Cuota Mantenimiento','02','2016','A',NULL,NULL,'2016-09-13'),(271,'C00-MA',0,262,2,750,'Cuota Mantenimiento','02','2016','A',NULL,NULL,'2016-09-13'),(272,'C00-MA',0,263,2,750,'Cuota Mantenimiento','02','2016','A',NULL,NULL,'2016-09-13'),(273,'C00-MA',0,264,2,750,'Cuota Mantenimiento','02','2016','A',NULL,NULL,'2016-09-13'),(274,'C00-MA',0,265,2,750,'Cuota Mantenimiento','02','2016','A',NULL,NULL,'2016-09-13'),(275,'C00-MA',0,266,2,750,'Cuota Mantenimiento','02','2016','A',NULL,NULL,'2016-09-13'),(276,'C00-MA',0,267,2,750,'Cuota Mantenimiento','02','2016','A',NULL,NULL,'2016-09-13'),(277,'C00-MA',0,268,2,750,'Cuota Mantenimiento','02','2016','A',NULL,NULL,'2016-09-13'),(278,'C00-MA',0,269,2,750,'Cuota Mantenimiento','02','2016','A',NULL,NULL,'2016-09-13'),(279,'C00-MA',0,270,2,750,'Cuota Mantenimiento','02','2016','A',NULL,NULL,'2016-09-13'),(280,'C00-MA',0,271,2,750,'Cuota Mantenimiento','02','2016','A',NULL,NULL,'2016-09-13'),(281,'C00-MA',0,272,2,750,'Cuota Mantenimiento','02','2016','A',NULL,NULL,'2016-09-13'),(282,'C00-MA',0,273,2,750,'Cuota Mantenimiento','02','2016','A',NULL,NULL,'2016-09-13'),(283,'C00-MA',0,274,2,750,'Cuota Mantenimiento','02','2016','A',NULL,NULL,'2016-09-13'),(284,'C00-MA',0,275,2,750,'Cuota Mantenimiento','02','2016','A',NULL,NULL,'2016-09-13'),(285,'C00-MA',0,276,2,750,'Cuota Mantenimiento','02','2016','A',NULL,NULL,'2016-09-13'),(286,'C00-MA',0,277,2,750,'Cuota Mantenimiento','02','2016','A',NULL,NULL,'2016-09-13'),(287,'C00-MA',0,278,2,750,'Cuota Mantenimiento','02','2016','A',NULL,NULL,'2016-09-13'),(288,'C00-MA',0,279,2,750,'Cuota Mantenimiento','02','2016','A',NULL,NULL,'2016-09-13'),(289,'C00-MA',0,280,2,750,'Cuota Mantenimiento','02','2016','A',NULL,NULL,'2016-09-13'),(290,'C00-MA',0,281,2,750,'Cuota Mantenimiento','02','2016','A',NULL,NULL,'2016-09-13'),(291,'C00-MA',0,282,2,750,'Cuota Mantenimiento','02','2016','A',NULL,NULL,'2016-09-13'),(292,'C00-MA',0,283,2,750,'Cuota Mantenimiento','02','2016','A',NULL,NULL,'2016-09-13'),(293,'C00-MA',0,284,2,750,'Cuota Mantenimiento','02','2016','A',NULL,NULL,'2016-09-13'),(294,'C00-MA',0,285,2,750,'Cuota Mantenimiento','02','2016','A',NULL,NULL,'2016-09-13'),(295,'C00-MA',0,286,2,750,'Cuota Mantenimiento','02','2016','A',NULL,NULL,'2016-09-13'),(296,'C00-MA',0,287,2,750,'Cuota Mantenimiento','02','2016','A',NULL,NULL,'2016-09-13'),(297,'C00-MA',0,288,2,750,'Cuota Mantenimiento','02','2016','A',NULL,NULL,'2016-09-13'),(298,'C00-MA',0,289,2,750,'Cuota Mantenimiento','02','2016','A',NULL,NULL,'2016-09-13'),(299,'C00-MA',0,290,2,750,'Cuota Mantenimiento','02','2016','A',NULL,NULL,'2016-09-13'),(300,'C00-MA',0,291,2,750,'Cuota Mantenimiento','02','2016','A',NULL,NULL,'2016-09-13'),(301,'C00-MA',0,292,2,750,'Cuota Mantenimiento','02','2016','A',NULL,NULL,'2016-09-13'),(302,'C00-MA',0,293,2,750,'Cuota Mantenimiento','02','2016','A',NULL,NULL,'2016-09-13'),(303,'C00-MA',0,294,2,750,'Cuota Mantenimiento','02','2016','A',NULL,NULL,'2016-09-13'),(304,'C00-MA',0,295,2,750,'Cuota Mantenimiento','02','2016','A',NULL,NULL,'2016-09-13'),(305,'C00-MA',0,296,2,750,'Cuota Mantenimiento','02','2016','A',NULL,NULL,'2016-09-13'),(306,'C00-MA',0,297,2,750,'Cuota Mantenimiento','02','2016','A',NULL,NULL,'2016-09-13'),(307,'C00-MA',0,298,2,750,'Cuota Mantenimiento','02','2016','A',NULL,NULL,'2016-09-13'),(308,'C00-MA',0,299,2,750,'Cuota Mantenimiento','02','2016','A',NULL,NULL,'2016-09-13'),(309,'C00-MA',0,300,2,750,'Cuota Mantenimiento','02','2016','A',NULL,NULL,'2016-09-13'),(310,'C00-MA',0,301,2,750,'Cuota Mantenimiento','02','2016','A',NULL,NULL,'2016-09-13'),(311,'C00-MA',0,302,2,750,'Cuota Mantenimiento','02','2016','A',NULL,NULL,'2016-09-13'),(312,'C00-MA',0,303,2,750,'Cuota Mantenimiento','02','2016','A',NULL,NULL,'2016-09-13'),(313,'C00-MA',0,304,2,750,'Cuota Mantenimiento','02','2016','A',NULL,NULL,'2016-09-13'),(314,'C00-MA',0,305,2,750,'Cuota Mantenimiento','02','2016','A',NULL,NULL,'2016-09-13'),(315,'C00-MA',0,306,2,750,'Cuota Mantenimiento','02','2016','A',NULL,NULL,'2016-09-13'),(316,'C00-MA',0,307,2,750,'Cuota Mantenimiento','02','2016','A',NULL,NULL,'2016-09-13'),(317,'C00-MA',0,308,2,750,'Cuota Mantenimiento','02','2016','A',NULL,NULL,'2016-09-13'),(318,'C00-MA',0,309,2,750,'Cuota Mantenimiento','02','2016','A',NULL,NULL,'2016-09-13'),(319,'C00-MA',0,310,2,750,'Cuota Mantenimiento','02','2016','A',NULL,NULL,'2016-09-13'),(320,'C00-MA',0,311,2,750,'Cuota Mantenimiento','02','2016','A',NULL,NULL,'2016-09-13'),(321,'C00-MA',0,312,2,750,'Cuota Mantenimiento','02','2016','A',NULL,NULL,'2016-09-13'),(322,'C00-MA',0,313,2,750,'Cuota Mantenimiento','02','2016','A',NULL,NULL,'2016-09-13'),(323,'C00-MA',0,314,2,750,'Cuota Mantenimiento','02','2016','A',NULL,NULL,'2016-09-13'),(324,'C00-MA',0,315,2,750,'Cuota Mantenimiento','02','2016','A',NULL,NULL,'2016-09-13'),(325,'C00-MA',0,316,2,750,'Cuota Mantenimiento','02','2016','A',NULL,NULL,'2016-09-13'),(326,'C00-MA',0,317,2,750,'Cuota Mantenimiento','02','2016','A',NULL,NULL,'2016-09-13'),(327,'C00-MA',0,318,2,750,'Cuota Mantenimiento','02','2016','A',NULL,NULL,'2016-09-13'),(328,'C00-MA',0,319,2,750,'Cuota Mantenimiento','02','2016','A',NULL,NULL,'2016-09-13'),(329,'C00-MA',0,320,2,750,'Cuota Mantenimiento','02','2016','A',NULL,NULL,'2016-09-13'),(330,'C00-MA',0,321,2,750,'Cuota Mantenimiento','02','2016','A',NULL,NULL,'2016-09-13'),(331,'C00-MA',0,322,2,750,'Cuota Mantenimiento','02','2016','A',NULL,NULL,'2016-09-13'),(332,'C00-MA',0,323,2,750,'Cuota Mantenimiento','02','2016','A',NULL,NULL,'2016-09-13'),(333,'C00-MA',0,324,2,750,'Cuota Mantenimiento','02','2016','A',NULL,NULL,'2016-09-13'),(334,'C00-MA',0,325,2,750,'Cuota Mantenimiento','02','2016','A',NULL,NULL,'2016-09-13'),(335,'C00-MA',0,326,2,750,'Cuota Mantenimiento','02','2016','A',NULL,NULL,'2016-09-13'),(336,'C00-MA',0,327,2,750,'Cuota Mantenimiento','02','2016','A',NULL,NULL,'2016-09-13'),(337,'C00-MA',0,328,2,750,'Cuota Mantenimiento','02','2016','A',NULL,NULL,'2016-09-13'),(338,'C00-MA',0,329,2,750,'Cuota Mantenimiento','02','2016','A',NULL,NULL,'2016-09-13'),(339,'C00-MA',0,330,2,750,'Cuota Mantenimiento','02','2016','A',NULL,NULL,'2016-09-13'),(340,'C00-MA',0,331,2,750,'Cuota Mantenimiento','02','2016','A',NULL,NULL,'2016-09-13'),(341,'C00-MA',0,332,2,750,'Cuota Mantenimiento','02','2016','A',NULL,NULL,'2016-09-13'),(342,'C00-MA',0,333,2,750,'Cuota Mantenimiento','02','2016','A',NULL,NULL,'2016-09-13'),(343,'C00-MA',0,334,2,750,'Cuota Mantenimiento','02','2016','A',NULL,NULL,'2016-09-13'),(344,'C00-MA',0,335,2,750,'Cuota Mantenimiento','02','2016','A',NULL,NULL,'2016-09-13'),(345,'C00-MA',0,336,2,750,'Cuota Mantenimiento','02','2016','A',NULL,NULL,'2016-09-13'),(346,'C00-MA',0,337,2,750,'Cuota Mantenimiento','02','2016','A',NULL,NULL,'2016-09-13'),(347,'C00-MA',0,338,2,750,'Cuota Mantenimiento','02','2016','A',NULL,NULL,'2016-09-13'),(348,'C00-MA',0,339,2,750,'Cuota Mantenimiento','02','2016','A',NULL,NULL,'2016-09-13'),(349,'C00-MA',0,340,2,750,'Cuota Mantenimiento','02','2016','A',NULL,NULL,'2016-09-13'),(350,'C00-MA',0,341,2,750,'Cuota Mantenimiento','02','2016','A',NULL,NULL,'2016-09-13'),(351,'C00-MA',0,342,2,750,'Cuota Mantenimiento','02','2016','A',NULL,NULL,'2016-09-13'),(352,'C00-MA',0,343,2,750,'Cuota Mantenimiento','02','2016','A',NULL,NULL,'2016-09-13'),(353,'C00-MA',0,344,2,750,'Cuota Mantenimiento','02','2016','A',NULL,NULL,'2016-09-13'),(354,'C00-MA',0,345,2,750,'Cuota Mantenimiento','02','2016','A',NULL,NULL,'2016-09-13'),(355,'C00-MA',0,346,2,750,'Cuota Mantenimiento','02','2016','A',NULL,NULL,'2016-09-13'),(356,'C00-MA',0,347,2,750,'Cuota Mantenimiento','02','2016','A',NULL,NULL,'2016-09-13'),(357,'C00-MA',0,348,2,750,'Cuota Mantenimiento','02','2016','A',NULL,NULL,'2016-09-13'),(358,'C00-MA',0,349,2,750,'Cuota Mantenimiento','02','2016','A',NULL,NULL,'2016-09-13'),(359,'C00-MA',0,350,2,750,'Cuota Mantenimiento','02','2016','A',NULL,NULL,'2016-09-13'),(360,'C00-MA',0,351,2,750,'Cuota Mantenimiento','02','2016','A',NULL,NULL,'2016-09-13'),(361,'C00-MA',0,352,2,750,'Cuota Mantenimiento','02','2016','A',NULL,NULL,'2016-09-13'),(362,'C00-MA',0,353,2,750,'Cuota Mantenimiento','02','2016','A',NULL,NULL,'2016-09-13'),(363,'C00-MA',0,354,2,750,'Cuota Mantenimiento','02','2016','A',NULL,NULL,'2016-09-13'),(364,'C00-MA',0,355,2,750,'Cuota Mantenimiento','02','2016','A',NULL,NULL,'2016-09-13'),(365,'C00-MA',0,356,2,750,'Cuota Mantenimiento','02','2016','A',NULL,NULL,'2016-09-13'),(366,'C00-MA',0,357,2,750,'Cuota Mantenimiento','02','2016','A',NULL,NULL,'2016-09-13'),(367,'C00-MA',0,358,2,750,'Cuota Mantenimiento','02','2016','A',NULL,NULL,'2016-09-13'),(368,'C00-MA',0,359,2,750,'Cuota Mantenimiento','02','2016','A',NULL,NULL,'2016-09-13'),(369,'C00-MA',0,360,2,750,'Cuota Mantenimiento','02','2016','A',NULL,NULL,'2016-09-13'),(370,'C00-MA',0,361,2,750,'Cuota Mantenimiento','02','2016','A',NULL,NULL,'2016-09-13'),(371,'C00-MA',0,362,2,750,'Cuota Mantenimiento','02','2016','A',NULL,NULL,'2016-09-13'),(372,'C00-MA',0,363,2,750,'Cuota Mantenimiento','02','2016','A',NULL,NULL,'2016-09-13'),(373,'C00-MA',0,364,2,750,'Cuota Mantenimiento','02','2016','A',NULL,NULL,'2016-09-13'),(374,'C00-MA',0,365,2,750,'Cuota Mantenimiento','02','2016','A',NULL,NULL,'2016-09-13'),(375,'C00-MA',0,366,2,750,'Cuota Mantenimiento','02','2016','A',NULL,NULL,'2016-09-13'),(376,'C00-MA',0,367,2,750,'Cuota Mantenimiento','02','2016','A',NULL,NULL,'2016-09-13'),(377,'C00-MA',0,368,2,750,'Cuota Mantenimiento','02','2016','A',NULL,NULL,'2016-09-13'),(378,'C00-MA',0,369,2,750,'Cuota Mantenimiento','02','2016','A',NULL,NULL,'2016-09-13'),(379,'C00-MA',0,370,2,750,'Cuota Mantenimiento','02','2016','A',NULL,NULL,'2016-09-13'),(380,'C00-MA',0,371,2,750,'Cuota Mantenimiento','02','2016','A',NULL,NULL,'2016-09-13'),(381,'C00-MA',0,372,2,750,'Cuota Mantenimiento','02','2016','A',NULL,NULL,'2016-09-13'),(382,'C00-MA',0,373,2,750,'Cuota Mantenimiento','02','2016','A',NULL,NULL,'2016-09-13'),(383,'C00-MA',0,374,2,750,'Cuota Mantenimiento','02','2016','A',NULL,NULL,'2016-09-13'),(384,'C00-MA',0,375,2,750,'Cuota Mantenimiento','02','2016','A',NULL,NULL,'2016-09-13'),(385,'C00-MA',0,376,2,750,'Cuota Mantenimiento','02','2016','A',NULL,NULL,'2016-09-13'),(386,'C00-MA',0,377,2,750,'Cuota Mantenimiento','02','2016','A',NULL,NULL,'2016-09-13'),(387,'C00-MA',0,378,2,750,'Cuota Mantenimiento','02','2016','A',NULL,NULL,'2016-09-13'),(388,'C00-MA',0,379,2,750,'Cuota Mantenimiento','02','2016','A',NULL,NULL,'2016-09-13'),(389,'C00-MA',0,380,2,750,'Cuota Mantenimiento','02','2016','A',NULL,NULL,'2016-09-13'),(390,'C00-MA',0,381,2,750,'Cuota Mantenimiento','02','2016','A',NULL,NULL,'2016-09-13'),(391,'C00-MA',0,382,2,750,'Cuota Mantenimiento','02','2016','A',NULL,NULL,'2016-09-13'),(392,'C00-MA',0,383,2,750,'Cuota Mantenimiento','02','2016','A',NULL,NULL,'2016-09-13'),(393,'C00-MA',0,384,2,750,'Cuota Mantenimiento','02','2016','A',NULL,NULL,'2016-09-13'),(394,'C00-MA',0,385,2,750,'Cuota Mantenimiento','02','2016','A',NULL,NULL,'2016-09-13'),(395,'C00-MA',0,386,2,750,'Cuota Mantenimiento','02','2016','A',NULL,NULL,'2016-09-13'),(396,'C00-MA',0,387,2,750,'Cuota Mantenimiento','02','2016','A',NULL,NULL,'2016-09-13'),(397,'C00-MA',0,388,2,750,'Cuota Mantenimiento','02','2016','A',NULL,NULL,'2016-09-13'),(398,'C00-MA',0,389,2,750,'Cuota Mantenimiento','02','2016','A',NULL,NULL,'2016-09-13'),(399,'C00-MA',0,390,2,750,'Cuota Mantenimiento','02','2016','A',NULL,NULL,'2016-09-13'),(400,'C00-MA',0,391,2,750,'Cuota Mantenimiento','02','2016','A',NULL,NULL,'2016-09-13'),(401,'C00-MA',0,392,2,750,'Cuota Mantenimiento','02','2016','A',NULL,NULL,'2016-09-13'),(402,'C00-MA',0,393,2,750,'Cuota Mantenimiento','02','2016','A',NULL,NULL,'2016-09-13'),(403,'C00-MA',0,394,2,750,'Cuota Mantenimiento','02','2016','A',NULL,NULL,'2016-09-13'),(404,'C00-MA',0,395,2,750,'Cuota Mantenimiento','02','2016','A',NULL,NULL,'2016-09-13'),(405,'C00-MA',0,396,2,750,'Cuota Mantenimiento','02','2016','A',NULL,NULL,'2016-09-13'),(406,'C00-MA',0,397,2,750,'Cuota Mantenimiento','02','2016','A',NULL,NULL,'2016-09-13'),(407,'C00-MA',0,398,2,750,'Cuota Mantenimiento','02','2016','A',NULL,NULL,'2016-09-13'),(408,'C00-MA',0,399,2,750,'Cuota Mantenimiento','02','2016','A',NULL,NULL,'2016-09-13'),(409,'C00-MA',0,400,2,750,'Cuota Mantenimiento','02','2016','A',NULL,NULL,'2016-09-13'),(410,'C00-MA',0,401,2,750,'Cuota Mantenimiento','02','2016','A',NULL,NULL,'2016-09-13'),(411,'C00-MA',0,402,2,750,'Cuota Mantenimiento','02','2016','A',NULL,NULL,'2016-09-13'),(412,'C00-MA',0,403,2,750,'Cuota Mantenimiento','02','2016','A',NULL,NULL,'2016-09-13'),(413,'C00-MA',0,404,2,750,'Cuota Mantenimiento','02','2016','A',NULL,NULL,'2016-09-13'),(414,'C00-MA',0,405,2,750,'Cuota Mantenimiento','02','2016','A',NULL,NULL,'2016-09-13'),(415,'C00-MA',0,406,2,750,'Cuota Mantenimiento','02','2016','A',NULL,NULL,'2016-09-13'),(416,'C00-MA',0,407,2,750,'Cuota Mantenimiento','02','2016','A',NULL,NULL,'2016-09-13'),(417,'C00-MA',0,408,2,750,'Cuota Mantenimiento','02','2016','A',NULL,NULL,'2016-09-13'),(418,'C00-MA',0,409,2,750,'Cuota Mantenimiento','02','2016','A',NULL,NULL,'2016-09-13'),(419,'C00-MA',0,410,2,750,'Cuota Mantenimiento','02','2016','A',NULL,NULL,'2016-09-13'),(420,'C00-MA',0,411,2,750,'Cuota Mantenimiento','02','2016','A',NULL,NULL,'2016-09-13'),(421,'C00-MA',0,412,2,750,'Cuota Mantenimiento','02','2016','A',NULL,NULL,'2016-09-13'),(422,'C00-MA',0,413,2,750,'Cuota Mantenimiento','02','2016','A',NULL,NULL,'2016-09-13'),(423,'C00-MA',0,414,2,750,'Cuota Mantenimiento','02','2016','A',NULL,NULL,'2016-09-13'),(424,'C00-MA',0,415,2,750,'Cuota Mantenimiento','02','2016','A',NULL,NULL,'2016-09-13'),(425,'C00-MA',0,416,2,750,'Cuota Mantenimiento','02','2016','A',NULL,NULL,'2016-09-13'),(426,'C00-MA',0,417,2,750,'Cuota Mantenimiento','02','2016','A',NULL,NULL,'2016-09-13'),(427,'C00-MA',0,418,2,750,'Cuota Mantenimiento','02','2016','A',NULL,NULL,'2016-09-13'),(428,'C00-MA',0,419,2,750,'Cuota Mantenimiento','02','2016','A',NULL,NULL,'2016-09-13'),(429,'C00-MA',0,420,2,750,'Cuota Mantenimiento','02','2016','A',NULL,NULL,'2016-09-13'),(430,'C00-MA',0,421,2,750,'Cuota Mantenimiento','02','2016','A',NULL,NULL,'2016-09-13'),(431,'C00-MA',0,422,2,750,'Cuota Mantenimiento','02','2016','A',NULL,NULL,'2016-09-13'),(432,'C00-MA',0,423,2,750,'Cuota Mantenimiento','02','2016','A',NULL,NULL,'2016-09-13'),(433,'C00-MA',0,424,2,750,'Cuota Mantenimiento','02','2016','A',NULL,NULL,'2016-09-13'),(434,'C00-MA',0,425,2,750,'Cuota Mantenimiento','02','2016','A',NULL,NULL,'2016-09-13'),(435,'C00-MA',0,426,2,750,'Cuota Mantenimiento','02','2016','A',NULL,NULL,'2016-09-13'),(436,'C00-MA',0,427,2,750,'Cuota Mantenimiento','02','2016','A',NULL,NULL,'2016-09-13'),(437,'C00-MA',0,428,2,750,'Cuota Mantenimiento','02','2016','A',NULL,NULL,'2016-09-13'),(438,'C00-MA',0,429,2,750,'Cuota Mantenimiento','02','2016','A',NULL,NULL,'2016-09-13'),(439,'C00-MA',0,430,2,750,'Cuota Mantenimiento','02','2016','A',NULL,NULL,'2016-09-13'),(440,'C00-MA',0,431,2,750,'Cuota Mantenimiento','02','2016','A',NULL,NULL,'2016-09-13'),(441,'C00-MA',0,432,2,750,'Cuota Mantenimiento','02','2016','A',NULL,NULL,'2016-09-13'),(442,'C00-MA',0,433,2,750,'Cuota Mantenimiento','02','2016','A',NULL,NULL,'2016-09-13'),(443,'C00-MA',0,434,2,750,'Cuota Mantenimiento','02','2016','A',NULL,NULL,'2016-09-13'),(444,'C00-MA',0,435,2,750,'Cuota Mantenimiento','02','2016','A',NULL,NULL,'2016-09-13'),(445,'C00-MA',0,436,2,750,'Cuota Mantenimiento','02','2016','A',NULL,NULL,'2016-09-13'),(446,'C00-MA',0,437,2,750,'Cuota Mantenimiento','02','2016','A',NULL,NULL,'2016-09-13'),(447,'C00-MA',0,438,2,750,'Cuota Mantenimiento','02','2016','A',NULL,NULL,'2016-09-13'),(448,'C00-MA',0,439,2,750,'Cuota Mantenimiento','02','2016','A',NULL,NULL,'2016-09-13'),(449,'C00-MA',0,440,2,750,'Cuota Mantenimiento','02','2016','A',NULL,NULL,'2016-09-13'),(450,'C00-MA',0,441,2,750,'Cuota Mantenimiento','02','2016','A',NULL,NULL,'2016-09-13'),(451,'C00-MA',0,442,2,750,'Cuota Mantenimiento','02','2016','A',NULL,NULL,'2016-09-13'),(452,'C00-MA',0,443,2,750,'Cuota Mantenimiento','02','2016','A',NULL,NULL,'2016-09-13'),(453,'C00-MA',0,444,2,750,'Cuota Mantenimiento','02','2016','A',NULL,NULL,'2016-09-13'),(454,'C00-MA',0,445,2,750,'Cuota Mantenimiento','02','2016','A',NULL,NULL,'2016-09-13'),(455,'C00-MA',0,446,2,750,'Cuota Mantenimiento','02','2016','A',NULL,NULL,'2016-09-13'),(456,'C00-MA',0,447,2,750,'Cuota Mantenimiento','02','2016','A',NULL,NULL,'2016-09-13'),(457,'C00-MA',0,448,2,750,'Cuota Mantenimiento','02','2016','A',NULL,NULL,'2016-09-13'),(458,'C00-MA',0,449,2,750,'Cuota Mantenimiento','02','2016','A',NULL,NULL,'2016-09-13'),(459,'C00-MA',0,450,2,750,'Cuota Mantenimiento','02','2016','A',NULL,NULL,'2016-09-13'),(460,'C00-MA',0,451,2,750,'Cuota Mantenimiento','02','2016','A',NULL,NULL,'2016-09-13'),(461,'C00-MA',0,452,2,750,'Cuota Mantenimiento','02','2016','A',NULL,NULL,'2016-09-13'),(462,'C00-MA',0,453,2,750,'Cuota Mantenimiento','02','2016','A',NULL,NULL,'2016-09-13'),(463,'C00-MA',0,454,2,750,'Cuota Mantenimiento','02','2016','A',NULL,NULL,'2016-09-13'),(464,'C00-MA',0,455,2,750,'Cuota Mantenimiento','02','2016','A',NULL,NULL,'2016-09-13'),(465,'C00-MA',0,456,2,750,'Cuota Mantenimiento','02','2016','A',NULL,NULL,'2016-09-13'),(466,'C00-MA',0,457,2,750,'Cuota Mantenimiento','02','2016','A',NULL,NULL,'2016-09-13'),(467,'C00-MA',0,458,2,750,'Cuota Mantenimiento','02','2016','A',NULL,NULL,'2016-09-13'),(468,'C00-MA',0,459,2,750,'Cuota Mantenimiento','02','2016','A',NULL,NULL,'2016-09-13'),(469,'C00-MA',0,460,2,750,'Cuota Mantenimiento','02','2016','A',NULL,NULL,'2016-09-13'),(470,'C00-MA',0,461,2,750,'Cuota Mantenimiento','02','2016','A',NULL,NULL,'2016-09-13'),(471,'C00-MA',0,462,2,750,'Cuota Mantenimiento','02','2016','A',NULL,NULL,'2016-09-13'),(472,'C00-MA',0,463,2,750,'Cuota Mantenimiento','02','2016','A',NULL,NULL,'2016-09-13'),(473,'C00-MA',0,464,2,750,'Cuota Mantenimiento','02','2016','A',NULL,NULL,'2016-09-13'),(474,'C00-MA',0,465,2,750,'Cuota Mantenimiento','02','2016','A',NULL,NULL,'2016-09-13'),(475,'C00-MA',0,466,2,750,'Cuota Mantenimiento','02','2016','A',NULL,NULL,'2016-09-13'),(476,'C00-MA',0,467,2,750,'Cuota Mantenimiento','02','2016','A',NULL,NULL,'2016-09-13'),(477,'C00-MA',0,468,2,750,'Cuota Mantenimiento','02','2016','A',NULL,NULL,'2016-09-13'),(478,'C00-MA',0,469,2,750,'Cuota Mantenimiento','02','2016','A',NULL,NULL,'2016-09-13'),(479,'C00-MA',0,470,2,750,'Cuota Mantenimiento','02','2016','A',NULL,NULL,'2016-09-13'),(480,'C00-MA',0,471,2,750,'Cuota Mantenimiento','02','2016','A',NULL,NULL,'2016-09-13'),(481,'C00-MA',0,472,2,750,'Cuota Mantenimiento','02','2016','A',NULL,NULL,'2016-09-13'),(482,'C00-MA',0,473,2,750,'Cuota Mantenimiento','02','2016','A',NULL,NULL,'2016-09-13'),(483,'C00-MA',0,474,2,750,'Cuota Mantenimiento','02','2016','A',NULL,NULL,'2016-09-13'),(484,'C00-MA',0,475,2,750,'Cuota Mantenimiento','02','2016','A',NULL,NULL,'2016-09-13'),(485,'C00-MA',0,476,2,750,'Cuota Mantenimiento','02','2016','A',NULL,NULL,'2016-09-13'),(486,'C00-MA',0,477,2,750,'Cuota Mantenimiento','02','2016','A',NULL,NULL,'2016-09-13'),(487,'C00-MA',0,478,2,750,'Cuota Mantenimiento','02','2016','A',NULL,NULL,'2016-09-13'),(488,'C00-MA',0,479,2,750,'Cuota Mantenimiento','02','2016','A',NULL,NULL,'2016-09-13'),(489,'C00-MA',0,480,2,750,'Cuota Mantenimiento','02','2016','A',NULL,NULL,'2016-09-13'),(490,'C00-MA',0,481,2,750,'Cuota Mantenimiento','02','2016','A',NULL,NULL,'2016-09-13'),(491,'C00-MA',0,482,2,750,'Cuota Mantenimiento','02','2016','A',NULL,NULL,'2016-09-13'),(492,'C00-MA',0,483,2,750,'Cuota Mantenimiento','02','2016','A',NULL,NULL,'2016-09-13'),(493,'C00-MA',0,484,2,750,'Cuota Mantenimiento','02','2016','A',NULL,NULL,'2016-09-13'),(494,'C00-MA',0,485,2,750,'Cuota Mantenimiento','02','2016','A',NULL,NULL,'2016-09-13'),(495,'C00-MA',0,486,2,750,'Cuota Mantenimiento','02','2016','A',NULL,NULL,'2016-09-13'),(496,'C00-MA',0,487,2,750,'Cuota Mantenimiento','02','2016','A',NULL,NULL,'2016-09-13'),(497,'C00-MA',0,488,2,750,'Cuota Mantenimiento','02','2016','A',NULL,NULL,'2016-09-13'),(498,'C00-MA',0,489,2,750,'Cuota Mantenimiento','02','2016','A',NULL,NULL,'2016-09-13'),(499,'C00-MA',0,490,2,750,'Cuota Mantenimiento','02','2016','A',NULL,NULL,'2016-09-13'),(500,'C00-MA',0,491,2,750,'Cuota Mantenimiento','02','2016','A',NULL,NULL,'2016-09-13'),(501,'C00-MA',0,492,2,750,'Cuota Mantenimiento','02','2016','A',NULL,NULL,'2016-09-13'),(502,'C00-MA',0,493,2,750,'Cuota Mantenimiento','02','2016','A',NULL,NULL,'2016-09-13'),(503,'C00-MA',0,494,2,750,'Cuota Mantenimiento','02','2016','A',NULL,NULL,'2016-09-13'),(504,'C00-MA',0,495,2,750,'Cuota Mantenimiento','02','2016','A',NULL,NULL,'2016-09-13'),(505,'C00-MA',0,496,2,750,'Cuota Mantenimiento','02','2016','A',NULL,NULL,'2016-09-13'),(506,'C00-MA',0,497,2,750,'Cuota Mantenimiento','02','2016','A',NULL,NULL,'2016-09-13'),(507,'C00-MA',0,498,2,750,'Cuota Mantenimiento','02','2016','A',NULL,NULL,'2016-09-13'),(508,'C00-MA',0,499,2,750,'Cuota Mantenimiento','02','2016','A',NULL,NULL,'2016-09-13'),(509,'C00-MA',0,500,2,750,'Cuota Mantenimiento','02','2016','A',NULL,NULL,'2016-09-13'),(510,'C00-MA',0,501,2,750,'Cuota Mantenimiento','02','2016','A',NULL,NULL,'2016-09-13'),(511,'C00-MA',0,502,2,750,'Cuota Mantenimiento','02','2016','A',NULL,NULL,'2016-09-13'),(512,'C00-MA',0,503,2,750,'Cuota Mantenimiento','02','2016','A',NULL,NULL,'2016-09-13'),(513,'C00-MA',0,504,2,750,'Cuota Mantenimiento','02','2016','A',NULL,NULL,'2016-09-13'),(514,'C00-MA',0,505,2,750,'Cuota Mantenimiento','02','2016','A',NULL,NULL,'2016-09-13'),(515,'C00-MA',0,506,2,750,'Cuota Mantenimiento','02','2016','A',NULL,NULL,'2016-09-13'),(516,'C00-MA',34,507,2,750,'Cuota Mantenimiento','02','2016','S',NULL,2,'2016-09-15'),(517,'C00-AG',0,1,3,664.8882000000001,'Cuota Agua','01','2016','A',NULL,NULL,'2016-09-14'),(518,'C00-AG',0,2,3,1194.81,'Cuota Agua','01','2016','A',NULL,1,'2016-09-17'),(519,'C00-AG',0,3,3,1194.81,'Cuota Agua','01','2016','A',NULL,1,'2016-09-17'),(520,'C00-MA',12,507,2,750,'Cuota Mantenimiento','10','2016','S',NULL,3,'2016-09-15');
/*!40000 ALTER TABLE `kardex_servicios` ENABLE KEYS */;
UNLOCK TABLES;

--
-- Table structure for table `pagos_anticipos`
--

DROP TABLE IF EXISTS `pagos_anticipos`;
/*!40101 SET @saved_cs_client     = @@character_set_client */;
/*!40101 SET character_set_client = utf8 */;
CREATE TABLE `pagos_anticipos` (
  `folio` int(11) NOT NULL,
  `id_factor` int(11) DEFAULT NULL,
  `id_servicio` varchar(10) DEFAULT NULL,
  `fecha_pago` date DEFAULT NULL,
  `importe_efectivo` double DEFAULT NULL,
  `no_cheque` varchar(45) DEFAULT NULL,
  `banco_cheque` varchar(2) DEFAULT NULL,
  `importe_cheque` double DEFAULT NULL,
  `no_ficha` varchar(45) DEFAULT NULL,
  `banco_ficha` varchar(2) DEFAULT NULL,
  `importe_ficha` double DEFAULT NULL,
  `descuento` double DEFAULT NULL,
  `multa` varchar(45) DEFAULT NULL,
  `estatus` varchar(2) DEFAULT NULL,
  PRIMARY KEY (`folio`)
) ENGINE=InnoDB DEFAULT CHARSET=utf8;
/*!40101 SET character_set_client = @saved_cs_client */;

--
-- Dumping data for table `pagos_anticipos`
--

LOCK TABLES `pagos_anticipos` WRITE;
/*!40000 ALTER TABLE `pagos_anticipos` DISABLE KEYS */;
INSERT INTO `pagos_anticipos` VALUES (1,507,'1','2016-09-08',750,'','0',0,'','0',0,NULL,NULL,NULL),(2,266,'1','2016-09-08',500,'','0',0,'88554275','1',1000,NULL,NULL,NULL),(3,27,'1','2016-09-08',750,'','0',0,'','0',0,NULL,NULL,NULL),(4,466,'1','2016-09-08',1000,'1234311','1',500,'','0',0,NULL,NULL,NULL),(5,3,'1','2016-09-10',700,'','0',0,'','0',0,50,NULL,NULL),(6,507,'3','2016-09-12',1000,'8481','1',250,'','0',0,500,NULL,NULL),(7,507,'3','2016-09-12',1700,'','0',0,'','0',0,200,NULL,NULL),(8,223,'2','2016-09-12',740,'','0',0,'','0',0,10,NULL,NULL),(9,507,'2','2016-09-14',1600,'','0',0,'','0',0,NULL,'100',NULL),(10,2,'3','2016-09-14',2389.62,'','0',0,'','0',0,NULL,'0',NULL),(11,507,'2','2016-09-15',1500,'','0',0,'','0',0,NULL,'0',NULL),(12,507,'2','2016-09-15',750,'','0',0,'','0',0,0,NULL,NULL),(13,507,'3','2016-09-15',500,'','1',0,'','1',0,0,NULL,'A'),(14,2,'3','2016-09-17',2389.62,'','0',0,'','0',0,NULL,'0',NULL),(15,2,'3','2016-09-17',2389.62,'','0',0,'','0',0,NULL,'0',NULL),(16,2,'3','2016-09-17',2389.62,'','0',0,'','0',0,NULL,'0',NULL),(17,2,'3','2016-09-17',2389.62,'','0',0,'','0',0,NULL,'0',NULL),(18,2,'3','2016-09-17',2389.62,'','0',0,'','0',0,NULL,'0',NULL),(19,2,'3','2016-09-17',2389.62,'','0',0,'','0',0,NULL,'0',NULL);
/*!40000 ALTER TABLE `pagos_anticipos` ENABLE KEYS */;
UNLOCK TABLES;

--
-- Table structure for table `pagos_detalle`
--

DROP TABLE IF EXISTS `pagos_detalle`;
/*!40101 SET @saved_cs_client     = @@character_set_client */;
/*!40101 SET character_set_client = utf8 */;
CREATE TABLE `pagos_detalle` (
  `folio` int(11) NOT NULL AUTO_INCREMENT,
  `folio_pago` int(11) DEFAULT NULL,
  `cuota` double DEFAULT NULL,
  `periodo` varchar(2) DEFAULT NULL,
  `anio` varchar(4) DEFAULT NULL,
  `tipo_pago` int(11) DEFAULT NULL,
  `id_anticipo` int(11) DEFAULT NULL,
  PRIMARY KEY (`folio`)
) ENGINE=InnoDB AUTO_INCREMENT=51 DEFAULT CHARSET=utf8;
/*!40101 SET character_set_client = @saved_cs_client */;

--
-- Dumping data for table `pagos_detalle`
--

LOCK TABLES `pagos_detalle` WRITE;
/*!40000 ALTER TABLE `pagos_detalle` DISABLE KEYS */;
INSERT INTO `pagos_detalle` VALUES (1,1,750,'09','2016',NULL,NULL),(2,2,750,'09','2016',NULL,NULL),(3,2,750,'10','2016',NULL,NULL),(4,3,750,'10','2016',NULL,NULL),(5,4,750,'10','2016',NULL,NULL),(6,4,750,'12','2016',NULL,NULL),(7,5,750,'10','2016',NULL,NULL),(10,6,750,'09','2016',1,NULL),(11,7,750,'09','2016',1,NULL),(12,7,750,'08','2015',2,NULL),(13,8,750,'10','2016',3,NULL),(14,9,750,'09','2016',2,NULL),(15,9,750,'02','2016',1,NULL),(16,10,1194.8138999999999,'01','2016',1,NULL),(17,10,1194.8138999999999,'01','2016',1,NULL),(33,11,750,'09','2016',1,NULL),(34,11,750,'02','2016',2,NULL),(35,12,750,'10','2016',3,NULL),(36,13,500,'09','2016',3,NULL);
/*!40000 ALTER TABLE `pagos_detalle` ENABLE KEYS */;
UNLOCK TABLES;

--
-- Table structure for table `reg_lecturas`
--

DROP TABLE IF EXISTS `reg_lecturas`;
/*!40101 SET @saved_cs_client     = @@character_set_client */;
/*!40101 SET character_set_client = utf8 */;
CREATE TABLE `reg_lecturas` (
  `id_lectura` int(11) NOT NULL AUTO_INCREMENT,
  `id_medidor` int(11) DEFAULT NULL,
  `lectura` double DEFAULT NULL,
  `periodo` varchar(2) DEFAULT NULL,
  `anio` varchar(4) DEFAULT NULL,
  `fecha_lectura` date DEFAULT NULL,
  `estatus` varchar(2) DEFAULT NULL,
  PRIMARY KEY (`id_lectura`)
) ENGINE=InnoDB AUTO_INCREMENT=3 DEFAULT CHARSET=utf8;
/*!40101 SET character_set_client = @saved_cs_client */;

--
-- Dumping data for table `reg_lecturas`
--

LOCK TABLES `reg_lecturas` WRITE;
/*!40000 ALTER TABLE `reg_lecturas` DISABLE KEYS */;
INSERT INTO `reg_lecturas` VALUES (1,1,150,'01','2016','2016-09-13','A'),(2,2,200,'01','2016','2016-09-13','A');
/*!40000 ALTER TABLE `reg_lecturas` ENABLE KEYS */;
UNLOCK TABLES;

--
-- Table structure for table `saldo_anticipos`
--

DROP TABLE IF EXISTS `saldo_anticipos`;
/*!40101 SET @saved_cs_client     = @@character_set_client */;
/*!40101 SET character_set_client = utf8 */;
CREATE TABLE `saldo_anticipos` (
  `id` int(11) NOT NULL AUTO_INCREMENT,
  `id_factor` int(11) DEFAULT NULL,
  `saldo` double DEFAULT NULL,
  `fecha_cambio` date DEFAULT NULL,
  PRIMARY KEY (`id`)
) ENGINE=InnoDB AUTO_INCREMENT=3 DEFAULT CHARSET=utf8;
/*!40101 SET character_set_client = @saved_cs_client */;

--
-- Dumping data for table `saldo_anticipos`
--

LOCK TABLES `saldo_anticipos` WRITE;
/*!40000 ALTER TABLE `saldo_anticipos` DISABLE KEYS */;
INSERT INTO `saldo_anticipos` VALUES (2,7,1300,'2016-09-17');
/*!40000 ALTER TABLE `saldo_anticipos` ENABLE KEYS */;
UNLOCK TABLES;

--
-- Table structure for table `tarifas_mantenimiento`
--

DROP TABLE IF EXISTS `tarifas_mantenimiento`;
/*!40101 SET @saved_cs_client     = @@character_set_client */;
/*!40101 SET character_set_client = utf8 */;
CREATE TABLE `tarifas_mantenimiento` (
  `id_tarimanto` int(11) NOT NULL AUTO_INCREMENT,
  `tipo` int(11) DEFAULT NULL,
  `descripcion` varchar(45) DEFAULT NULL,
  `valor` varchar(45) DEFAULT NULL,
  `fecha_aplicacion` date DEFAULT NULL,
  `estatus` varchar(2) DEFAULT 'V' COMMENT 'V=VIGENTE\nI=INACTIVA\nP=PENDIENTE POR APLICAR',
  `fecha_registro` date DEFAULT NULL,
  PRIMARY KEY (`id_tarimanto`)
) ENGINE=InnoDB AUTO_INCREMENT=4 DEFAULT CHARSET=utf8;
/*!40101 SET character_set_client = @saved_cs_client */;

--
-- Dumping data for table `tarifas_mantenimiento`
--

LOCK TABLES `tarifas_mantenimiento` WRITE;
/*!40000 ALTER TABLE `tarifas_mantenimiento` DISABLE KEYS */;
INSERT INTO `tarifas_mantenimiento` VALUES (1,2,'Tarifa Variable','0.33','2015-01-01','I','2015-01-01'),(2,1,'Tarifa Fija','750','2016-01-01','A','2016-09-01'),(3,2,'Tarifa Variable','0.35','2017-01-01','P','2016-09-01');
/*!40000 ALTER TABLE `tarifas_mantenimiento` ENABLE KEYS */;
UNLOCK TABLES;

--
-- Table structure for table `test`
--

DROP TABLE IF EXISTS `test`;
/*!40101 SET @saved_cs_client     = @@character_set_client */;
/*!40101 SET character_set_client = utf8 */;
CREATE TABLE `test` (
  `id` int(11) NOT NULL AUTO_INCREMENT,
  `valor` varchar(45) COLLATE utf8_spanish_ci DEFAULT NULL,
  PRIMARY KEY (`id`)
) ENGINE=MyISAM AUTO_INCREMENT=3 DEFAULT CHARSET=utf8 COLLATE=utf8_spanish_ci;
/*!40101 SET character_set_client = @saved_cs_client */;

--
-- Dumping data for table `test`
--

LOCK TABLES `test` WRITE;
/*!40000 ALTER TABLE `test` DISABLE KEYS */;
INSERT INTO `test` VALUES (1,'01/09/16'),(2,'01/10/16');
/*!40000 ALTER TABLE `test` ENABLE KEYS */;
UNLOCK TABLES;

--
-- Dumping events for database 'gestion_granjas'
--

--
-- Dumping routines for database 'gestion_granjas'
--
/*!50003 DROP PROCEDURE IF EXISTS `sp_catalogo_ABanco` */;
/*!50003 SET @saved_cs_client      = @@character_set_client */ ;
/*!50003 SET @saved_cs_results     = @@character_set_results */ ;
/*!50003 SET @saved_col_connection = @@collation_connection */ ;
/*!50003 SET character_set_client  = utf8 */ ;
/*!50003 SET character_set_results = utf8 */ ;
/*!50003 SET collation_connection  = utf8_general_ci */ ;
/*!50003 SET @saved_sql_mode       = @@sql_mode */ ;
/*!50003 SET sql_mode              = 'STRICT_TRANS_TABLES,NO_AUTO_CREATE_USER,NO_ENGINE_SUBSTITUTION' */ ;
DELIMITER ;;
CREATE DEFINER=`root`@`localhost` PROCEDURE `sp_catalogo_ABanco`(
IN p_banco varchar(100),
IN p_scontable varchar(45),
IN p_fechar date,
OUT resultado INT
/*
resultado=0 Alta exitosa
resultado=1 Existe registro del banco o de subcuenta
resultado=2 Existe banco
resultado=3 Existe subcuenta

*/
)
BEGIN
SELECT
  COUNT(*)
INTO
  resultado
FROM
  gestion_granjas.cat_bancos
WHERE
  banco = p_banco and estatus='A';
  /*Checamos si el banco se duplica*/
if (resultado=0) then
/*En caso de no estar dado de alta continua..*/
	SELECT
	COUNT(*)
	INTO
	resultado
	FROM
	gestion_granjas.cat_bancos
	WHERE
	subcuenta_contable = p_scontable and estatus='A';
    /*Ahora comprobamos que la subcuenta para evitar duplicados*/
	if (resultado=0) then
		/*al revisar que no se duplica se continua con el registro*/
		INSERT INTO gestion_granjas.cat_bancos 
		(
		banco,
		subcuenta_contable,
		fecha_registro
		) 
		values
		(
		p_banco, 
		p_scontable,
		p_fechar
		);	
    else
		SET resultado=3;
    end if;
else
    SET resultado=2;
end if;
END ;;
DELIMITER ;
/*!50003 SET sql_mode              = @saved_sql_mode */ ;
/*!50003 SET character_set_client  = @saved_cs_client */ ;
/*!50003 SET character_set_results = @saved_cs_results */ ;
/*!50003 SET collation_connection  = @saved_col_connection */ ;
/*!50003 DROP PROCEDURE IF EXISTS `sp_catalogo_ABCBanco` */;
/*!50003 SET @saved_cs_client      = @@character_set_client */ ;
/*!50003 SET @saved_cs_results     = @@character_set_results */ ;
/*!50003 SET @saved_col_connection = @@collation_connection */ ;
/*!50003 SET character_set_client  = utf8 */ ;
/*!50003 SET character_set_results = utf8 */ ;
/*!50003 SET collation_connection  = utf8_general_ci */ ;
/*!50003 SET @saved_sql_mode       = @@sql_mode */ ;
/*!50003 SET sql_mode              = 'STRICT_TRANS_TABLES,NO_AUTO_CREATE_USER,NO_ENGINE_SUBSTITUTION' */ ;
DELIMITER ;;
CREATE DEFINER=`root`@`localhost` PROCEDURE `sp_catalogo_ABCBanco`(
IN tipo_mov int,
IN p_idbanco int,
IN p_banco varchar(100),
IN p_scontable varchar(45),
IN p_fechar date,
OUT resultado int,
OUT mensaje varchar(100)
)
BEGIN
/*
COMENZAMOS SI TIPO_MOV ES 1 ALTA, 2 BAJA, 3 CAMBIO*/

/*|||||||||||||||||ALTAS|||||||||||||||||||||||||||||||||*/
IF (tipo_mov=1) THEN
/*INICIA CODIGO PARA ALTAS*/
	/*
	resultado=0 Alta, Baja o Cambio exitosa
	resultado=1 Existe registro del banco o de subcuenta
	resultado=2 Existe banco
	resultado=3 Existe subcuenta

	*/
	SELECT
	  COUNT(*)
	INTO
	  resultado
	FROM
	  gestion_granjas.cat_bancos
	WHERE
	  banco = p_banco and estatus='A';
	  /*Checamos si el banco se duplica*/
	if (resultado=0) then
	/*En caso de no estar dado de alta continua..*/
		SELECT
		COUNT(*)
		INTO
		resultado
		FROM
		gestion_granjas.cat_bancos
		WHERE
		subcuenta_contable = p_scontable and estatus='A';
		/*Ahora comprobamos que la subcuenta para evitar duplicados*/
		if (resultado=0) then
			/*al revisar que no se duplica se continua con el registro*/
			INSERT INTO gestion_granjas.cat_bancos 
			(
			banco,
			subcuenta_contable,
			fecha_registro
			) 
			values
			(
			p_banco, 
			p_scontable,
			p_fechar
			);	
            set mensaje='¡El Banco se registró correcatmente!';
		else
			SET resultado=3;
            set mensaje='¡La subcuenta ya esta asignada a otro banco!';
		end if;
	else
		SET resultado=2;
        set mensaje='¡El Banco ya se encuentra registrado!';
	end if;
/*FIN CODIGO PARA ALTAS*/

/*||||||||||||||||BAJAS||||||||||||||||||||||||||||||||||*/
ELSEIF (tipo_mov=2) THEN
/*INICIA CODIGO PARA BAJAS*/
	/* valores resultado
	resultado=0 Baja exitosa
	resultado=4 Problemas con la baja no existe registro
	*/
	if exists (select * from gestion_granjas.cat_bancos where id_banco = p_idbanco) then
        update gestion_granjas.cat_bancos set estatus="B" where id_banco=p_idbanco;
        set resultado = 0;
        set mensaje='¡El Banco se eliminó correcatmente!';
	else
		/*resultado 4 no existe banco*/
		set resultado = 4;
        set mensaje='¡El Banco no existe!';
	end if;

/*FIN CODIGO PARA BAJAS*/

/*||||||||||||||||CAMBIOS||||||||||||||||||||||||||||||||||*/
ELSEIF (tipo_mov=3) THEN 
/*INICIA CODIGO PARA CAMBIOS*/
	/* valores resultado	
    resultado=0 Cambio exitosa
    resultado=4 Problemas con los cambios del registro
	*/
    /*comprobamos que existe el id del banco*/
	if exists (select * from gestion_granjas.cat_bancos where id_banco = p_idbanco and estatus='A') then
	/*
	resultado=1 Existe registro del banco o de subcuenta
	resultado=2 Existe banco
	resultado=3 Existe subcuenta
	*/
		SELECT
		  COUNT(*)
		INTO
		  resultado
		FROM
		  gestion_granjas.cat_bancos
		WHERE
		  banco = p_banco and id_banco!=p_idbanco;
		  /*Checamos si el banco se duplica*/
		if (resultado=0) then
		/*En caso de no estar dado de alta continua..*/
			SELECT
			COUNT(*)
			INTO
			resultado
			FROM
			gestion_granjas.cat_bancos
			WHERE
			subcuenta_contable = p_scontable and id_banco!=p_idbanco and estatus='A';
			/*Ahora comprobamos que la subcuenta para evitar duplicados*/
			if (resultado=0) then
				/*al revisar que no se duplica se continua con el registro*/
				update gestion_granjas.cat_bancos 
                set banco=p_banco, subcuenta_contable=p_scontable, fecha_registro=p_fechar 
                where id_banco=p_idbanco;
                /*resultado 6 es igual cambio exitoso*/
                /*set resultado=6;*/
                set mensaje='¡Se guardaron los cambios correcatmente!';
			else
				/*resultado 3 existe subcuenta*/
				SET resultado=3;
                set mensaje='¡La subcuenta ya esta asignada a otro banco!';
			end if;
		else
			/*resultado 2 existe banco*/
			SET resultado=2;
            set mensaje='¡El Banco ya se encuentra registrado!';
		end if;	
	else
		/*resultado 4 no existe banco a modificar*/
		set resultado = 4;
        set mensaje='¡El Banco no existe!';
	end if;
/*FIN CODIGO PARA CAMBIOS*/
END IF;
/*||||||||||||||||||||||||||||||||||||||||||||||||||*/
END ;;
DELIMITER ;
/*!50003 SET sql_mode              = @saved_sql_mode */ ;
/*!50003 SET character_set_client  = @saved_cs_client */ ;
/*!50003 SET character_set_results = @saved_cs_results */ ;
/*!50003 SET collation_connection  = @saved_col_connection */ ;
/*!50003 DROP PROCEDURE IF EXISTS `sp_catalogo_ABCColono` */;
/*!50003 SET @saved_cs_client      = @@character_set_client */ ;
/*!50003 SET @saved_cs_results     = @@character_set_results */ ;
/*!50003 SET @saved_col_connection = @@collation_connection */ ;
/*!50003 SET character_set_client  = utf8 */ ;
/*!50003 SET character_set_results = utf8 */ ;
/*!50003 SET collation_connection  = utf8_general_ci */ ;
/*!50003 SET @saved_sql_mode       = @@sql_mode */ ;
/*!50003 SET sql_mode              = 'STRICT_TRANS_TABLES,NO_AUTO_CREATE_USER,NO_ENGINE_SUBSTITUTION' */ ;
DELIMITER ;;
CREATE DEFINER=`root`@`localhost` PROCEDURE `sp_catalogo_ABCColono`(
IN tipo_mov int,
IN p_idcolono int,
IN p_nombre varchar(200),
IN p_direccion text,
IN p_telefono varchar(45),
IN p_correo varchar(45),
OUT resultado int,
OUT mensaje varchar(100)
)
BEGIN
DECLARE v_subcuenta VARCHAR(45);
/*COMENZAMOS SI TIPO_MOV ES 1 ALTA, 2 BAJA, 3 CAMBIO*/
SELECT LPAD(max(subcuenta_contable)+1,4,"0") INTO v_subcuenta FROM gestion_granjas.cat_colonos where estatus='A';

/*|||||||||||||||||ALTAS|||||||||||||||||||||||||||||||||*/
IF (tipo_mov=1) THEN


/*INICIA CODIGO PARA ALTAS*/
	/*
	resultado=0 Alta, Baja o Cambio exitosa
	resultado=1 Existe registro del colono
	*/
	SELECT
	  COUNT(*)
	INTO
	  resultado
	FROM
	  gestion_granjas.cat_colonos
	WHERE
	  nombre = p_nombre and estatus='A';
	  /*Checamos si el colono se duplica*/
	if (resultado=0) then
	/*En caso de no estar dado de alta continua..*/
			INSERT INTO gestion_granjas.cat_colonos
			(
			nombre,
            direccion,
            telefono,
			correo,
            subcuenta_contable,
            fecha_registro
			) 
			values
			(
            p_nombre,
			p_direccion,
            p_telefono,
			p_correo,
            v_subcuenta,
            now()
			);	
            set mensaje='¡El Colono se registró correctamente!';
	else
		SET resultado=1;
        set mensaje='¡El Colono ya se encuentra registrado!';
	end if;
/*FIN CODIGO PARA ALTAS*/

/*||||||||||||||||BAJAS||||||||||||||||||||||||||||||||||*/
ELSEIF (tipo_mov=2) THEN
/*INICIA CODIGO PARA BAJAS*/
	/* valores resultado
	resultado=0 Baja exitosa
	resultado=2 Problemas con la baja no existe registro
	*/
	if exists (select * from gestion_granjas.cat_colonos where id_colono = p_idcolono) then
        update gestion_granjas.cat_colonos set estatus="B", fecha_registro=now() 
        where id_colono=p_idcolono;
        set resultado = 0;
        set mensaje='¡El Colono se eliminó correcatmente!';
	else
		/*resultado 2 no existe el colono*/
		set resultado = 2;
        set mensaje='¡El Colono no existe!';
	end if;

/*FIN CODIGO PARA BAJAS*/

/*||||||||||||||||CAMBIOS||||||||||||||||||||||||||||||||||*/
ELSEIF (tipo_mov=3) THEN 
/*INICIA CODIGO PARA CAMBIOS*/
	/*valores resultado	
    resultado=0 Cambio exitosa
    resultado=2 Problemas con los cambios del registro
	*/
    /*comprobamos que existe el id del lote*/
	if exists (select * from gestion_granjas.cat_colonos where id_colono = p_idcolono and estatus='A') then
	/*
    resultado=0 Se guardo correctamente
	resultado=1 Existe registro
	resultado=2 No Existe registro
	*/
		SELECT
		  COUNT(*)
		INTO
		  resultado
		FROM
		  gestion_granjas.cat_colonos
		WHERE
		   nombre = p_nombre and id_colono != p_idcolono and estatus='A';
		  /*Checamos si el lote se duplica*/
		if (resultado=0) then
		/*En caso de no estar dado de alta continua..*/			
				/*al revisar que no se duplica se continua con el registro*/
				update gestion_granjas.cat_colonos
                set nombre=p_nombre, direccion=p_dirección, telefono=p_telefono, correo=p_correo, fecha_registro=now() 
                where id_colono=p_idcolono;
                set mensaje='¡Se guardaron los cambios correcatmente!';
			
		else
			/*resultado 2 existe banco*/
			SET resultado=1;
            set mensaje='¡El Colono ya se encuentra registrado!';
		end if;	
	else
		/*resultado 4 no existe banco a modificar*/
		set resultado = 2;
        set mensaje='¡El Colono no existe!';
	end if;
/*FIN CODIGO PARA CAMBIOS*/
END IF;
/*||||||||||||||||||||||||||||||||||||||||||||||||||*/
END ;;
DELIMITER ;
/*!50003 SET sql_mode              = @saved_sql_mode */ ;
/*!50003 SET character_set_client  = @saved_cs_client */ ;
/*!50003 SET character_set_results = @saved_cs_results */ ;
/*!50003 SET collation_connection  = @saved_col_connection */ ;
/*!50003 DROP PROCEDURE IF EXISTS `sp_catalogo_ABCLote` */;
/*!50003 SET @saved_cs_client      = @@character_set_client */ ;
/*!50003 SET @saved_cs_results     = @@character_set_results */ ;
/*!50003 SET @saved_col_connection = @@collation_connection */ ;
/*!50003 SET character_set_client  = utf8 */ ;
/*!50003 SET character_set_results = utf8 */ ;
/*!50003 SET collation_connection  = utf8_general_ci */ ;
/*!50003 SET @saved_sql_mode       = @@sql_mode */ ;
/*!50003 SET sql_mode              = 'STRICT_TRANS_TABLES,NO_AUTO_CREATE_USER,NO_ENGINE_SUBSTITUTION' */ ;
DELIMITER ;;
CREATE DEFINER=`root`@`localhost` PROCEDURE `sp_catalogo_ABCLote`(
IN tipo_mov int,
IN p_idlote int,
IN p_lote varchar(10),
IN p_idmanzana int,
IN p_idcolono int,
IN p_m2 double,
OUT resultado int,
OUT mensaje varchar(100)
)
BEGIN
/*
COMENZAMOS SI TIPO_MOV ES 1 ALTA, 2 BAJA, 3 CAMBIO*/

/*|||||||||||||||||ALTAS|||||||||||||||||||||||||||||||||*/
IF (tipo_mov=1) THEN
/*INICIA CODIGO PARA ALTAS*/
	/*
	resultado=0 Alta, Baja o Cambio exitosa
	resultado=1 Existe registro del lote
	*/
	SELECT
	  COUNT(*)
	INTO
	  resultado
	FROM
	  gestion_granjas.cat_lotes
	WHERE
	  lote = p_lote and id_manzana=p_idmanzana and estatus='A';
	  /*Checamos si el lote se duplica dentro de la misma manzana*/
	if (resultado=0) then
	/*En caso de no estar dado de alta continua..*/
			INSERT INTO gestion_granjas.cat_lotes
			(
			lote,
            id_manzana,
            id_colono,
            metros_cuadrados,
			fecha_registro
			) 
			values
			(
            p_lote,
			p_idmanzana,
            p_idcolono,
            p_m2,
			now()
			);	
            set mensaje='¡El Lote se registró correctamente!';
	else
		SET resultado=1;
        set mensaje='¡El Lote ya se encuentra registrado!';
	end if;
/*FIN CODIGO PARA ALTAS*/

/*||||||||||||||||BAJAS||||||||||||||||||||||||||||||||||*/
ELSEIF (tipo_mov=2) THEN
/*INICIA CODIGO PARA BAJAS*/
	/* valores resultado
	resultado=0 Baja exitosa
	resultado=2 Problemas con la baja no existe registro
	*/
	if exists (select * from gestion_granjas.cat_lotes where id_lote = p_idlote) then
        update gestion_granjas.cat_lotes set estatus="B", fecha_registro=now() where id_lote=p_idlote;
        set resultado = 0;
        set mensaje='¡El Lote se eliminó correcatmente!';
	else
		/*resultado 2 no existe lote*/
		set resultado = 2;
        set mensaje='¡El Lote no existe!';
	end if;

/*FIN CODIGO PARA BAJAS*/

/*||||||||||||||||CAMBIOS||||||||||||||||||||||||||||||||||*/
ELSEIF (tipo_mov=3) THEN 
/*INICIA CODIGO PARA CAMBIOS*/
	/*valores resultado	
    resultado=0 Cambio exitosa
    resultado=2 Problemas con los cambios del registro
	*/
    /*comprobamos que existe el id del lote*/
	if exists (select * from gestion_granjas.cat_lotes where id_lote = p_idlote and estatus='A') then
	/*
    resultado=0 Se guardo correctamente
	resultado=1 Existe registro
	resultado=2 No Existe registro
	*/
		SELECT
		  COUNT(*)
		INTO
		  resultado
		FROM
		  gestion_granjas.cat_lotes
		WHERE
		   lote = p_lote and id_manzana=p_idmanzana and id_lote != p_idlote and estatus='A';
		  /*Checamos si el lote se duplica*/
		if (resultado=0) then
		/*En caso de no estar dado de alta continua..*/			
				/*al revisar que no se duplica se continua con el registro*/
				update gestion_granjas.cat_lotes
                set lote=p_lote, id_manzana=p_idmanzana, id_colono=p_idcolono, metros_cuadrados=p_m2, fecha_registro=now() 
                where id_lote=p_idlote;
                set mensaje='¡Se guardaron los cambios correcatmente!';
			
		else
			/*resultado 2 existe banco*/
			SET resultado=1;
            set mensaje='¡El Lote ya se encuentra registrado!';
		end if;	
	else
		/*resultado 4 no existe banco a modificar*/
		set resultado = 2;
        set mensaje='¡el Lote no existe!';
	end if;
/*FIN CODIGO PARA CAMBIOS*/
END IF;
/*||||||||||||||||||||||||||||||||||||||||||||||||||*/
END ;;
DELIMITER ;
/*!50003 SET sql_mode              = @saved_sql_mode */ ;
/*!50003 SET character_set_client  = @saved_cs_client */ ;
/*!50003 SET character_set_results = @saved_cs_results */ ;
/*!50003 SET collation_connection  = @saved_col_connection */ ;
/*!50003 DROP PROCEDURE IF EXISTS `sp_catalogo_ABCManzana` */;
/*!50003 SET @saved_cs_client      = @@character_set_client */ ;
/*!50003 SET @saved_cs_results     = @@character_set_results */ ;
/*!50003 SET @saved_col_connection = @@collation_connection */ ;
/*!50003 SET character_set_client  = utf8 */ ;
/*!50003 SET character_set_results = utf8 */ ;
/*!50003 SET collation_connection  = utf8_general_ci */ ;
/*!50003 SET @saved_sql_mode       = @@sql_mode */ ;
/*!50003 SET sql_mode              = 'STRICT_TRANS_TABLES,NO_AUTO_CREATE_USER,NO_ENGINE_SUBSTITUTION' */ ;
DELIMITER ;;
CREATE DEFINER=`root`@`localhost` PROCEDURE `sp_catalogo_ABCManzana`(
IN tipo_mov int,
IN p_idmanzana int,
IN p_manzana varchar(100),
IN p_fechar date,
OUT resultado int,
OUT mensaje varchar(100)
)
BEGIN
/*
COMENZAMOS SI TIPO_MOV ES 1 ALTA, 2 BAJA, 3 CAMBIO*/

/*|||||||||||||||||ALTAS|||||||||||||||||||||||||||||||||*/
IF (tipo_mov=1) THEN
/*INICIA CODIGO PARA ALTAS*/
	/*
	resultado=0 Alta, Baja o Cambio exitosa
	resultado=1 Existe registro de la manzana
	*/
	SELECT
	  COUNT(*)
	INTO
	  resultado
	FROM
	  gestion_granjas.cat_manzanas
	WHERE
	  manzana = p_manzana and estatus='A';
	  /*Checamos si el banco se duplica*/
	if (resultado=0) then
	/*En caso de no estar dado de alta continua..*/
		
			INSERT INTO gestion_granjas.cat_manzanas 
			(
			manzana,
			fecha_registro
			) 
			values
			(
			p_manzana,
			p_fechar
			);	
            set mensaje='¡La Manzana se registró correctamente!';
	else
		SET resultado=1;
        set mensaje='¡La Manzana ya se encuentra registrada!';
	end if;
/*FIN CODIGO PARA ALTAS*/

/*||||||||||||||||BAJAS||||||||||||||||||||||||||||||||||*/
ELSEIF (tipo_mov=2) THEN
/*INICIA CODIGO PARA BAJAS*/
	/* valores resultado
	resultado=0 Baja exitosa
	resultado=2 Problemas con la baja no existe registro
	*/
	if exists (select * from gestion_granjas.cat_manzanas where id_manzana = p_idmanzana) then
        update gestion_granjas.cat_manzanas set estatus="B" where id_manzana=p_idmanzana;
        set resultado = 0;
        set mensaje='¡La Manzana se eliminó correcatmente!';
	else
		/*resultado 2 no existe manzana*/
		set resultado = 2;
        set mensaje='¡La Manzana no existe!';
	end if;

/*FIN CODIGO PARA BAJAS*/

/*||||||||||||||||CAMBIOS||||||||||||||||||||||||||||||||||*/
ELSEIF (tipo_mov=3) THEN 
/*INICIA CODIGO PARA CAMBIOS*/
	/*valores resultado	
    resultado=0 Cambio exitosa
    resultado=2 Problemas con los cambios del registro
	*/
    /*comprobamos que existe el id del banco*/
	if exists (select * from gestion_granjas.cat_manzanas where id_manzana = p_idmanzana and estatus='A') then
	/*
    resultado=0 Se guardo correctamente
	resultado=1 Existe registro
	resultado=2 No Existe registro
	*/
		SELECT
		  COUNT(*)
		INTO
		  resultado
		FROM
		  gestion_granjas.cat_manzanas
		WHERE
		  manzana = p_manzana and id_manzana!=p_idmanzana;
		  /*Checamos si la manzana se duplica*/
		if (resultado=0) then
		/*En caso de no estar dado de alta continua..*/			
				/*al revisar que no se duplica se continua con el registro*/
				update gestion_granjas.cat_manzanas 
                set manzana=p_manzana, fecha_registro=p_fechar 
                where id_manzana=p_idmanzana;
                set mensaje='¡Se guardaron los cambios correcatmente!';
			
		else
			/*resultado 2 existe banco*/
			SET resultado=1;
            set mensaje='¡La Manzana ya se encuentra registrada!';
		end if;	
	else
		/*resultado 4 no existe banco a modificar*/
		set resultado = 2;
        set mensaje='¡La Manzana no existe!';
	end if;
/*FIN CODIGO PARA CAMBIOS*/
END IF;
/*||||||||||||||||||||||||||||||||||||||||||||||||||*/
END ;;
DELIMITER ;
/*!50003 SET sql_mode              = @saved_sql_mode */ ;
/*!50003 SET character_set_client  = @saved_cs_client */ ;
/*!50003 SET character_set_results = @saved_cs_results */ ;
/*!50003 SET collation_connection  = @saved_col_connection */ ;
/*!50003 DROP PROCEDURE IF EXISTS `sp_catalogo_ABCMedidor` */;
/*!50003 SET @saved_cs_client      = @@character_set_client */ ;
/*!50003 SET @saved_cs_results     = @@character_set_results */ ;
/*!50003 SET @saved_col_connection = @@collation_connection */ ;
/*!50003 SET character_set_client  = utf8 */ ;
/*!50003 SET character_set_results = utf8 */ ;
/*!50003 SET collation_connection  = utf8_general_ci */ ;
/*!50003 SET @saved_sql_mode       = @@sql_mode */ ;
/*!50003 SET sql_mode              = 'STRICT_TRANS_TABLES,NO_AUTO_CREATE_USER,NO_ENGINE_SUBSTITUTION' */ ;
DELIMITER ;;
CREATE DEFINER=`root`@`localhost` PROCEDURE `sp_catalogo_ABCMedidor`(
IN tipo_mov int,
IN p_idmedidor int,
IN p_idlote int,
IN p_contrato varchar(25),
IN p_medidor varchar(25),
IN p_basecna double,
OUT resultado int,
OUT mensaje varchar(100)
)
BEGIN
/*
COMENZAMOS SI TIPO_MOV ES 1 ALTA, 2 BAJA, 3 CAMBIO*/

/*|||||||||||||||||ALTAS|||||||||||||||||||||||||||||||||*/
IF (tipo_mov=1) THEN
/*INICIA CODIGO PARA ALTAS*/
	/*
	resultado=0 Alta, Baja o Cambio exitosa
	resultado=1 Existe contrato/medidor en el lote
	*/
	  /*Checamos si el lote se duplica dentro de la misma manzana*/
	if exists (SELECT * FROM gestion_granjas.cat_medidores	WHERE contrato = p_contrato and id_lote=p_idlote and estatus='A') then
		SET resultado=1;
        set mensaje='¡El Contrato ya se encuentra registrado en este Lote!';
	elseif exists(SELECT * FROM gestion_granjas.cat_medidores	WHERE medidor = p_medidor and id_lote=p_idlote and estatus='A') then
		SET resultado=1;
        set mensaje='¡El Medidor ya se encuentra registrado en este Lote!';
	else
		/*En caso de no estar dado de alta continua..*/
		INSERT INTO gestion_granjas.cat_medidores
		(
		id_lote,
		contrato,
		medidor,
		base_cna,
		fecha_registro
		) 
		values
		(
		p_idlote,
		p_contrato,
		p_medidor,
		p_basecna,
		now()
		);	
        SET resultado=0;
		set mensaje='¡El Medidor se registró correctamente!';
	end if;
/*FIN CODIGO PARA ALTAS*/

/*||||||||||||||||BAJAS||||||||||||||||||||||||||||||||||*/
ELSEIF (tipo_mov=2) THEN
/*INICIA CODIGO PARA BAJAS*/
	/* valores resultado
	resultado=0 Baja exitosa
	resultado=2 Problemas con la baja no existe registro
	*/
	if exists (select * from gestion_granjas.cat_medidores where id_medidor = p_idmedidor) then
        update gestion_granjas.cat_medidores set estatus="B", fecha_registro=now() where id_medidor=p_idmedidor;
        set resultado = 0;
        set mensaje='¡El Medidor se eliminó correcatmente!';
	else
		/*resultado 2 no existe lote*/
		set resultado = 2;
        set mensaje='¡El Medidor no existe!';
	end if;

/*FIN CODIGO PARA BAJAS*/

/*||||||||||||||||CAMBIOS||||||||||||||||||||||||||||||||||*/
ELSEIF (tipo_mov=3) THEN 
/*INICIA CODIGO PARA CAMBIOS*/
	/*valores resultado	
    resultado=0 Cambio exitosa
    resultado=1 Existe contrato/medidor
    resultado=2 Problemas con los cambios del registro
	*/
    /*comprobamos que existe el id del lote*/
	if exists (select * from gestion_granjas.cat_medidores where id_medidor = p_idmedidor and estatus='A') then
	/*
    resultado=0 Se guardo correctamente
	resultado=1 Existe registro
	resultado=2 No Existe registro
	*/
		if exists (SELECT * FROM gestion_granjas.cat_medidores	WHERE contrato = p_contrato and id_lote=p_idlote and id_medidor!=p_idmedidor and estatus='A') then
			SET resultado=1;
			set mensaje='¡El Contrato ya se encuentra registrado en este Lote!';
		elseif exists(SELECT * FROM gestion_granjas.cat_medidores	WHERE medidor = p_medidor and id_lote=p_idlote and id_medidor!=p_idmedidor and estatus='A') then
			SET resultado=1;
			set mensaje='¡El Medidor ya se encuentra registrado en este Lote!';
		else
			/*En caso de no estar dado de alta continua..*/
			UPDATE gestion_granjas.cat_medidores
			SET
			contrato=p_contrato,
			medidor=p_medidor,
			base_cna=p_basecna,
			fecha_registro=now()
			WHERE
            id_medidor=p_idmedidor;
            
			SET resultado=0;
			set mensaje='¡Se guardaron los cambios correcatmente!!';
		end if;
	else
		/*resultado 4 no existe banco a modificar*/
		set resultado = 2;
        set mensaje='¡el Lote no existe!';
	end if;
/*FIN CODIGO PARA CAMBIOS*/
END IF;
/*||||||||||||||||||||||||||||||||||||||||||||||||||*/
END ;;
DELIMITER ;
/*!50003 SET sql_mode              = @saved_sql_mode */ ;
/*!50003 SET character_set_client  = @saved_cs_client */ ;
/*!50003 SET character_set_results = @saved_cs_results */ ;
/*!50003 SET collation_connection  = @saved_col_connection */ ;
/*!50003 DROP PROCEDURE IF EXISTS `sp_catalogo_ABCPerfil` */;
/*!50003 SET @saved_cs_client      = @@character_set_client */ ;
/*!50003 SET @saved_cs_results     = @@character_set_results */ ;
/*!50003 SET @saved_col_connection = @@collation_connection */ ;
/*!50003 SET character_set_client  = utf8 */ ;
/*!50003 SET character_set_results = utf8 */ ;
/*!50003 SET collation_connection  = utf8_general_ci */ ;
/*!50003 SET @saved_sql_mode       = @@sql_mode */ ;
/*!50003 SET sql_mode              = 'STRICT_TRANS_TABLES,NO_AUTO_CREATE_USER,NO_ENGINE_SUBSTITUTION' */ ;
DELIMITER ;;
CREATE DEFINER=`root`@`localhost` PROCEDURE `sp_catalogo_ABCPerfil`(
IN tipo_mov int,
IN p_perfil varchar(10),
IN p_descripcion varchar(200),
OUT resultado int,
OUT mensaje varchar(100)
)
BEGIN



/*
COMENZAMOS SI TIPO_MOV ES 1 ALTA, 2 BAJA, 3 CAMBIO*/

/*|||||||||||||||||ALTAS|||||||||||||||||||||||||||||||||*/
IF (tipo_mov=1) THEN
/*INICIA CODIGO PARA ALTAS*/
	/*
	
	*/
	SELECT
	  COUNT(*)
	INTO
	  resultado
	FROM
	  gestion_granjas.cat_perfiles
	WHERE
	 trim(descripcion) =trim( p_descripcion) and estatus='A';
	  /*Checamos si el banco se duplica*/
	if (resultado=0) then
	
	
			/*al revisar que no se duplica se continua con el registro*/
			INSERT INTO gestion_granjas.cat_perfiles 
			(
			descripcion,estatus,fecha_registro
			) 
			values
			(
			p_descripcion,'A', now()
            
			);	
            set mensaje='¡El Perfil se registró correcatmente!';
		
	else
		SET resultado=2;
        set mensaje='¡El Perfil ya se encuentra registrado!';
	end if;
/*FIN CODIGO PARA ALTAS*/

/*||||||||||||||||BAJAS||||||||||||||||||||||||||||||||||*/
ELSEIF (tipo_mov=2) THEN
/*INICIA CODIGO PARA BAJAS*/

	if exists (select * from gestion_granjas.cat_perfiles where id_perfil = p_perfil) then
        update gestion_granjas.cat_perfiles set estatus="B",fecha_registro= now() where  id_perfil = p_perfil;
        set resultado = 0;
        set mensaje='¡El Perfil se eliminó correcatmente!';
	else
		/*resultado 4 no existe banco*/
		set resultado = 4;
        set mensaje='¡El Perfil no existe!';
	end if;

/*FIN CODIGO PARA BAJAS*/

/*||||||||||||||||CAMBIOS||||||||||||||||||||||||||||||||||*/
ELSEIF (tipo_mov=3) THEN 
/*INICIA CODIGO PARA CAMBIOS*/

	if exists (select * from gestion_granjas.cat_perfiles where  id_perfil = p_perfil and estatus='A') then


		
				/*al revisar que no se duplica se continua con el registro*/
		update gestion_granjas.cat_perfiles set
			descripcion=p_descripcion,fecha_registro= now()
              where id_perfil=p_perfil;
                /*resultado 6 es igual cambio exitoso*/
                /*set resultado=6;*/
                 set resultado = 0;
                set mensaje='¡Se guardaron los cambios correcatmente!';
	
	else
		/*resultado 4 no existe banco a modificar*/
		set resultado = 4;
        set mensaje='¡El Perfil no existe!';
	end if;
/*FIN CODIGO PARA CAMBIOS*/
END IF;
/*||||||||||||||||||||||||||||||||||||||||||||||||||*/
END ;;
DELIMITER ;
/*!50003 SET sql_mode              = @saved_sql_mode */ ;
/*!50003 SET character_set_client  = @saved_cs_client */ ;
/*!50003 SET character_set_results = @saved_cs_results */ ;
/*!50003 SET collation_connection  = @saved_col_connection */ ;
/*!50003 DROP PROCEDURE IF EXISTS `sp_catalogo_ABCPuesto` */;
/*!50003 SET @saved_cs_client      = @@character_set_client */ ;
/*!50003 SET @saved_cs_results     = @@character_set_results */ ;
/*!50003 SET @saved_col_connection = @@collation_connection */ ;
/*!50003 SET character_set_client  = utf8 */ ;
/*!50003 SET character_set_results = utf8 */ ;
/*!50003 SET collation_connection  = utf8_general_ci */ ;
/*!50003 SET @saved_sql_mode       = @@sql_mode */ ;
/*!50003 SET sql_mode              = 'STRICT_TRANS_TABLES,NO_AUTO_CREATE_USER,NO_ENGINE_SUBSTITUTION' */ ;
DELIMITER ;;
CREATE DEFINER=`root`@`localhost` PROCEDURE `sp_catalogo_ABCPuesto`(
IN tipo_mov int,
IN p_puesto varchar(10),
IN p_descripcion varchar(200),
OUT resultado int,
OUT mensaje varchar(100)
)
BEGIN



/*
COMENZAMOS SI TIPO_MOV ES 1 ALTA, 2 BAJA, 3 CAMBIO*/

/*|||||||||||||||||ALTAS|||||||||||||||||||||||||||||||||*/
IF (tipo_mov=1) THEN
/*INICIA CODIGO PARA ALTAS*/
	/*
	
	*/
	SELECT
	  COUNT(*)
	INTO
	  resultado
	FROM
	  gestion_granjas.cat_puestos
	WHERE
	 trim(descripcion) =trim( p_descripcion) and estatus='A';
	  /*Checamos si el banco se duplica*/
	if (resultado=0) then
	
	
			/*al revisar que no se duplica se continua con el registro*/
			INSERT INTO gestion_granjas.cat_puestos 
			(
			descripcion,estatus,fecha_registro
			) 
			values
			(
			p_descripcion,'A', now()
            
			);	
            set mensaje='¡El Puesto se registró correcatmente!';
		
	else
		SET resultado=2;
        set mensaje='¡El Puesto ya se encuentra registrado!';
	end if;
/*FIN CODIGO PARA ALTAS*/

/*||||||||||||||||BAJAS||||||||||||||||||||||||||||||||||*/
ELSEIF (tipo_mov=2) THEN
/*INICIA CODIGO PARA BAJAS*/

	if exists (select * from gestion_granjas.cat_puestos where id_puesto = p_puesto) then
        update gestion_granjas.cat_puestos set estatus="B",fecha_registro= now() where  id_puesto = p_puesto;
        set resultado = 0;
        set mensaje='¡El Puesto se eliminó correcatmente!';
	else
		/*resultado 4 no existe banco*/
		set resultado = 4;
        set mensaje='¡El Puesto no existe!';
	end if;

/*FIN CODIGO PARA BAJAS*/

/*||||||||||||||||CAMBIOS||||||||||||||||||||||||||||||||||*/
ELSEIF (tipo_mov=3) THEN 
/*INICIA CODIGO PARA CAMBIOS*/

	if exists (select * from gestion_granjas.cat_puestos where  id_puesto = p_puesto and estatus='A') then


		
				/*al revisar que no se duplica se continua con el registro*/
		update gestion_granjas.cat_puestos set
			descripcion=p_descripcion,fecha_registro= now()
              where id_puesto=p_puesto;
                /*resultado 6 es igual cambio exitoso*/
                /*set resultado=6;*/
                 set resultado = 0;
                set mensaje='¡Se guardaron los cambios correcatmente!';
	
	else
		/*resultado 4 no existe banco a modificar*/
		set resultado = 4;
        set mensaje='¡El Puesto no existe!';
	end if;
/*FIN CODIGO PARA CAMBIOS*/
END IF;
/*||||||||||||||||||||||||||||||||||||||||||||||||||*/
END ;;
DELIMITER ;
/*!50003 SET sql_mode              = @saved_sql_mode */ ;
/*!50003 SET character_set_client  = @saved_cs_client */ ;
/*!50003 SET character_set_results = @saved_cs_results */ ;
/*!50003 SET collation_connection  = @saved_col_connection */ ;
/*!50003 DROP PROCEDURE IF EXISTS `sp_catalogo_ABCUsuario` */;
/*!50003 SET @saved_cs_client      = @@character_set_client */ ;
/*!50003 SET @saved_cs_results     = @@character_set_results */ ;
/*!50003 SET @saved_col_connection = @@collation_connection */ ;
/*!50003 SET character_set_client  = utf8 */ ;
/*!50003 SET character_set_results = utf8 */ ;
/*!50003 SET collation_connection  = utf8_general_ci */ ;
/*!50003 SET @saved_sql_mode       = @@sql_mode */ ;
/*!50003 SET sql_mode              = 'STRICT_TRANS_TABLES,NO_AUTO_CREATE_USER,NO_ENGINE_SUBSTITUTION' */ ;
DELIMITER ;;
CREATE DEFINER=`root`@`localhost` PROCEDURE `sp_catalogo_ABCUsuario`(
IN tipo_mov int,
IN p_nombre varchar(100),
IN p_direccion varchar(200),
IN p_puesto varchar(2),
IN p_usuario varchar(20),
IN p_pass varchar(100),
IN p_perfil varchar(100),
IN p_estatus varchar(100),
OUT resultado int,
OUT mensaje varchar(100)
)
BEGIN



/*
COMENZAMOS SI TIPO_MOV ES 1 ALTA, 2 BAJA, 3 CAMBIO*/

/*|||||||||||||||||ALTAS|||||||||||||||||||||||||||||||||*/
IF (tipo_mov=1) THEN
/*INICIA CODIGO PARA ALTAS*/
	/*
	resultado=0 Alta, Baja o Cambio exitosa
	resultado=1 Existe registro del banco o de subcuenta
	resultado=2 Existe banco
	resultado=3 Existe subcuenta

	*/
	SELECT
	  COUNT(*)
	INTO
	  resultado
	FROM
	  gestion_granjas.cat_usuarios
	WHERE
	  usuario = p_usuario and estatus='A';
	  /*Checamos si el banco se duplica*/
	if (resultado=0) then
	
	
			/*al revisar que no se duplica se continua con el registro*/
			INSERT INTO gestion_granjas.cat_usuarios 
			(
			nombre,direccion,
            puesto,usuario,contraseña,
            id_perfil,estatus,fecha_registro
			) 
			values
			(
			p_nombre,p_direccion,
            p_puesto,p_usuario,p_pass,
            p_perfil,p_estatus, now()
            
			);	
            set mensaje='¡El Usuario se registró correcatmente!';
		
	else
		SET resultado=2;
        set mensaje='¡El Usuario ya se encuentra registrado!';
	end if;
/*FIN CODIGO PARA ALTAS*/

/*||||||||||||||||BAJAS||||||||||||||||||||||||||||||||||*/
ELSEIF (tipo_mov=2) THEN
/*INICIA CODIGO PARA BAJAS*/
	/* valores resultado
	resultado=0 Baja exitosa
	resultado=4 Problemas con la baja no existe registro
	*/
	if exists (select * from gestion_granjas.cat_usuarios where usuario = p_usuario) then
        update gestion_granjas.cat_usuarios set estatus="B",fecha_registro= now() where  usuario = p_usuario;
        set resultado = 0;
        set mensaje='¡El Usuario se eliminó correcatmente!';
	else
		/*resultado 4 no existe banco*/
		set resultado = 4;
        set mensaje='¡El Usuario no existe!';
	end if;

/*FIN CODIGO PARA BAJAS*/

/*||||||||||||||||CAMBIOS||||||||||||||||||||||||||||||||||*/
ELSEIF (tipo_mov=3) THEN 
/*INICIA CODIGO PARA CAMBIOS*/
	/* valores resultado	
    resultado=0 Cambio exitosa
    resultado=4 Problemas con los cambios del registro
	*/
    /*comprobamos que existe el id del banco*/
	if exists (select * from gestion_granjas.cat_usuarios where  usuario = p_usuario and estatus='A') then
	/*
	resultado=1 Existe registro del banco o de subcuenta
	resultado=2 Existe banco
	resultado=3 Existe subcuenta
	*/

		
				/*al revisar que no se duplica se continua con el registro*/
		update gestion_granjas.cat_usuarios set
			nombre=p_nombre,direccion=p_direccion,
			puesto=p_puesto,contraseña=p_pass,
            id_perfil=p_perfil,estatus=p_estatus,fecha_registro= now()
              where usuario=p_usuario;
                /*resultado 6 es igual cambio exitoso*/
                /*set resultado=6;*/
                 set resultado = 0;
                set mensaje='¡Se guardaron los cambios correcatmente!';
	
	else
		/*resultado 4 no existe banco a modificar*/
		set resultado = 4;
        set mensaje='¡El Usuario no existe!';
	end if;
/*FIN CODIGO PARA CAMBIOS*/
END IF;
/*||||||||||||||||||||||||||||||||||||||||||||||||||*/
END ;;
DELIMITER ;
/*!50003 SET sql_mode              = @saved_sql_mode */ ;
/*!50003 SET character_set_client  = @saved_cs_client */ ;
/*!50003 SET character_set_results = @saved_cs_results */ ;
/*!50003 SET collation_connection  = @saved_col_connection */ ;
/*!50003 DROP PROCEDURE IF EXISTS `sp_catalogo_CAdd_Permisos` */;
/*!50003 SET @saved_cs_client      = @@character_set_client */ ;
/*!50003 SET @saved_cs_results     = @@character_set_results */ ;
/*!50003 SET @saved_col_connection = @@collation_connection */ ;
/*!50003 SET character_set_client  = utf8 */ ;
/*!50003 SET character_set_results = utf8 */ ;
/*!50003 SET collation_connection  = utf8_general_ci */ ;
/*!50003 SET @saved_sql_mode       = @@sql_mode */ ;
/*!50003 SET sql_mode              = 'STRICT_TRANS_TABLES,NO_AUTO_CREATE_USER,NO_ENGINE_SUBSTITUTION' */ ;
DELIMITER ;;
CREATE DEFINER=`root`@`localhost` PROCEDURE `sp_catalogo_CAdd_Permisos`(
  IN in_perfil varchar(45),
  IN in_modulo varchar(45),
  OUT resultado boolean
)
BEGIN
DECLARE v_valida int;
set v_valida=0;

select count(*) into v_valida FROM
  gestion_granjas.detalle_accesos
WHERE
	id_perfil = in_perfil and id_modulo=in_modulo;
  
  if(v_valida=0) then
  insert into detalle_accesos (id_perfil,id_modulo)values (in_perfil,in_modulo);
  end if;
  set resultado =true;
  
  
END ;;
DELIMITER ;
/*!50003 SET sql_mode              = @saved_sql_mode */ ;
/*!50003 SET character_set_client  = @saved_cs_client */ ;
/*!50003 SET character_set_results = @saved_cs_results */ ;
/*!50003 SET collation_connection  = @saved_col_connection */ ;
/*!50003 DROP PROCEDURE IF EXISTS `sp_catalogo_CBanco` */;
/*!50003 SET @saved_cs_client      = @@character_set_client */ ;
/*!50003 SET @saved_cs_results     = @@character_set_results */ ;
/*!50003 SET @saved_col_connection = @@collation_connection */ ;
/*!50003 SET character_set_client  = utf8 */ ;
/*!50003 SET character_set_results = utf8 */ ;
/*!50003 SET collation_connection  = utf8_general_ci */ ;
/*!50003 SET @saved_sql_mode       = @@sql_mode */ ;
/*!50003 SET sql_mode              = 'STRICT_TRANS_TABLES,NO_AUTO_CREATE_USER,NO_ENGINE_SUBSTITUTION' */ ;
DELIMITER ;;
CREATE DEFINER=`root`@`localhost` PROCEDURE `sp_catalogo_CBanco`()
BEGIN


  -- Declare the cursor

    SELECT
        *
    FROM gestion_granjas.cat_bancos a
    where estatus='A';


END ;;
DELIMITER ;
/*!50003 SET sql_mode              = @saved_sql_mode */ ;
/*!50003 SET character_set_client  = @saved_cs_client */ ;
/*!50003 SET character_set_results = @saved_cs_results */ ;
/*!50003 SET collation_connection  = @saved_col_connection */ ;
/*!50003 DROP PROCEDURE IF EXISTS `sp_catalogo_CColono` */;
/*!50003 SET @saved_cs_client      = @@character_set_client */ ;
/*!50003 SET @saved_cs_results     = @@character_set_results */ ;
/*!50003 SET @saved_col_connection = @@collation_connection */ ;
/*!50003 SET character_set_client  = utf8 */ ;
/*!50003 SET character_set_results = utf8 */ ;
/*!50003 SET collation_connection  = utf8_general_ci */ ;
/*!50003 SET @saved_sql_mode       = @@sql_mode */ ;
/*!50003 SET sql_mode              = 'STRICT_TRANS_TABLES,NO_AUTO_CREATE_USER,NO_ENGINE_SUBSTITUTION' */ ;
DELIMITER ;;
CREATE DEFINER=`root`@`localhost` PROCEDURE `sp_catalogo_CColono`(
IN op int,
IN p_nombre varchar(250),
IN p_idmanzana int
)
BEGIN
IF (op=1) THEN
    SELECT
        a.id_colono, a.nombre, a.direccion, a.telefono, a.correo
    FROM gestion_granjas.cat_colonos a
    where a.estatus='A' order by a.nombre asc;
ELSEIF (op=2) THEN
    SELECT
        a.id_colono, a.nombre, a.direccion, a.telefono, a.correo
    FROM gestion_granjas.cat_colonos a
    where a.nombre like concat('%',p_nombre, '%') and a.estatus='A' order by a.nombre asc;
END IF;
END ;;
DELIMITER ;
/*!50003 SET sql_mode              = @saved_sql_mode */ ;
/*!50003 SET character_set_client  = @saved_cs_client */ ;
/*!50003 SET character_set_results = @saved_cs_results */ ;
/*!50003 SET collation_connection  = @saved_col_connection */ ;
/*!50003 DROP PROCEDURE IF EXISTS `sp_catalogo_CColonoNombre` */;
/*!50003 SET @saved_cs_client      = @@character_set_client */ ;
/*!50003 SET @saved_cs_results     = @@character_set_results */ ;
/*!50003 SET @saved_col_connection = @@collation_connection */ ;
/*!50003 SET character_set_client  = utf8 */ ;
/*!50003 SET character_set_results = utf8 */ ;
/*!50003 SET collation_connection  = utf8_general_ci */ ;
/*!50003 SET @saved_sql_mode       = @@sql_mode */ ;
/*!50003 SET sql_mode              = 'STRICT_TRANS_TABLES,NO_AUTO_CREATE_USER,NO_ENGINE_SUBSTITUTION' */ ;
DELIMITER ;;
CREATE DEFINER=`root`@`localhost` PROCEDURE `sp_catalogo_CColonoNombre`(
IN p_nombre varchar(240)
)
BEGIN
    SELECT
        a.id_colono, a.nombre, a.direccion, a.telefono, a.correo,b.id_lote,b.lote,c.id_manzana,c.manzana
    FROM gestion_granjas.cat_colonos a
    LEFT JOIN gestion_granjas.cat_lotes b on a.id_colono=b.id_colono
    LEFT JOIN gestion_granjas.cat_manzanas c on b.id_manzana=c.id_manzana
    where a.nombre like concat('%',p_nombre, '%') and a.estatus='A' order by a.nombre asc;


END ;;
DELIMITER ;
/*!50003 SET sql_mode              = @saved_sql_mode */ ;
/*!50003 SET character_set_client  = @saved_cs_client */ ;
/*!50003 SET character_set_results = @saved_cs_results */ ;
/*!50003 SET collation_connection  = @saved_col_connection */ ;
/*!50003 DROP PROCEDURE IF EXISTS `sp_catalogo_CDel_Permisos` */;
/*!50003 SET @saved_cs_client      = @@character_set_client */ ;
/*!50003 SET @saved_cs_results     = @@character_set_results */ ;
/*!50003 SET @saved_col_connection = @@collation_connection */ ;
/*!50003 SET character_set_client  = utf8 */ ;
/*!50003 SET character_set_results = utf8 */ ;
/*!50003 SET collation_connection  = utf8_general_ci */ ;
/*!50003 SET @saved_sql_mode       = @@sql_mode */ ;
/*!50003 SET sql_mode              = 'STRICT_TRANS_TABLES,NO_AUTO_CREATE_USER,NO_ENGINE_SUBSTITUTION' */ ;
DELIMITER ;;
CREATE DEFINER=`root`@`localhost` PROCEDURE `sp_catalogo_CDel_Permisos`(
  IN in_perfil varchar(45),
  IN in_modulo varchar(45),
  OUT resultado boolean
)
BEGIN
DECLARE v_valida int;
set v_valida=0;

select count(*) into v_valida FROM
  gestion_granjas.detalle_accesos
WHERE
	id_perfil = in_perfil and id_modulo=in_modulo;
  
  if(v_valida>0) then
    DELETE FROM
        gestion_granjas.detalle_accesos
      WHERE
	id_perfil = in_perfil and id_modulo=in_modulo;
 
 end if;
  set resultado =true;
  
  
END ;;
DELIMITER ;
/*!50003 SET sql_mode              = @saved_sql_mode */ ;
/*!50003 SET character_set_client  = @saved_cs_client */ ;
/*!50003 SET character_set_results = @saved_cs_results */ ;
/*!50003 SET collation_connection  = @saved_col_connection */ ;
/*!50003 DROP PROCEDURE IF EXISTS `sp_catalogo_CGet_Menu` */;
/*!50003 SET @saved_cs_client      = @@character_set_client */ ;
/*!50003 SET @saved_cs_results     = @@character_set_results */ ;
/*!50003 SET @saved_col_connection = @@collation_connection */ ;
/*!50003 SET character_set_client  = utf8 */ ;
/*!50003 SET character_set_results = utf8 */ ;
/*!50003 SET collation_connection  = utf8_general_ci */ ;
/*!50003 SET @saved_sql_mode       = @@sql_mode */ ;
/*!50003 SET sql_mode              = 'STRICT_TRANS_TABLES,NO_AUTO_CREATE_USER,NO_ENGINE_SUBSTITUTION' */ ;
DELIMITER ;;
CREATE DEFINER=`root`@`localhost` PROCEDURE `sp_catalogo_CGet_Menu`(
  IN perfil int,
  in p_modulo int,
  out p_result boolean
  
)
BEGIN

Declare valida int;
  -- Declare the cursor

    SELECT
      count(*) into valida
    FROM gestion_granjas.detalle_accesos a
    INNER JOIN gestion_granjas.cat_modulos b on a.id_modulo=b.id_modulo and estatus='A' 
    where a.id_modulo=p_modulo and id_perfil=perfil;
 

		if (valida>0) then
		SET p_result:=true;
        else
        SET p_result:=false;
		end if;
END ;;
DELIMITER ;
/*!50003 SET sql_mode              = @saved_sql_mode */ ;
/*!50003 SET character_set_client  = @saved_cs_client */ ;
/*!50003 SET character_set_results = @saved_cs_results */ ;
/*!50003 SET collation_connection  = @saved_col_connection */ ;
/*!50003 DROP PROCEDURE IF EXISTS `sp_catalogo_CidLote` */;
/*!50003 SET @saved_cs_client      = @@character_set_client */ ;
/*!50003 SET @saved_cs_results     = @@character_set_results */ ;
/*!50003 SET @saved_col_connection = @@collation_connection */ ;
/*!50003 SET character_set_client  = utf8 */ ;
/*!50003 SET character_set_results = utf8 */ ;
/*!50003 SET collation_connection  = utf8_general_ci */ ;
/*!50003 SET @saved_sql_mode       = @@sql_mode */ ;
/*!50003 SET sql_mode              = 'STRICT_TRANS_TABLES,NO_AUTO_CREATE_USER,NO_ENGINE_SUBSTITUTION' */ ;
DELIMITER ;;
CREATE DEFINER=`root`@`localhost` PROCEDURE `sp_catalogo_CidLote`(
IN p_idlote int
)
BEGIN
SELECT
        a.id_lote, a.id_manzana, b.manzana, a.lote, a.metros_cuadrados, c.nombre, a.id_colono
    FROM gestion_granjas.cat_lotes a inner join gestion_granjas.cat_manzanas b
    on a.id_manzana=b.id_manzana 
    left join gestion_granjas.cat_colonos c 
    on a.id_colono=c.id_colono 
    where a.id_lote=p_idlote and a.estatus='A';
END ;;
DELIMITER ;
/*!50003 SET sql_mode              = @saved_sql_mode */ ;
/*!50003 SET character_set_client  = @saved_cs_client */ ;
/*!50003 SET character_set_results = @saved_cs_results */ ;
/*!50003 SET collation_connection  = @saved_col_connection */ ;
/*!50003 DROP PROCEDURE IF EXISTS `sp_catalogo_CLote` */;
/*!50003 SET @saved_cs_client      = @@character_set_client */ ;
/*!50003 SET @saved_cs_results     = @@character_set_results */ ;
/*!50003 SET @saved_col_connection = @@collation_connection */ ;
/*!50003 SET character_set_client  = utf8 */ ;
/*!50003 SET character_set_results = utf8 */ ;
/*!50003 SET collation_connection  = utf8_general_ci */ ;
/*!50003 SET @saved_sql_mode       = @@sql_mode */ ;
/*!50003 SET sql_mode              = 'STRICT_TRANS_TABLES,NO_AUTO_CREATE_USER,NO_ENGINE_SUBSTITUTION' */ ;
DELIMITER ;;
CREATE DEFINER=`root`@`localhost` PROCEDURE `sp_catalogo_CLote`(
IN op int,
IN p_idmanzana int,
IN p_lote varchar(45),
IN p_nombre varchar (240)
)
BEGIN
if(op=1) then
/*Muestra todos los lotes*/
    SELECT
        a.id_lote, a.id_manzana, b.manzana, a.lote, a.metros_cuadrados, c.nombre, a.id_colono
    FROM gestion_granjas.cat_lotes a inner join gestion_granjas.cat_manzanas b
    on a.id_manzana=b.id_manzana 
    left join gestion_granjas.cat_colonos c 
    on a.id_colono=c.id_colono 
    where a.estatus='A' order by a.id_manzana and a.id_lote asc;
elseif(op=2) then
	/*Consulta por id de manzana y nombre del lote*/
    SELECT
        a.id_lote, a.id_manzana, b.manzana, a.lote, a.metros_cuadrados, c.nombre, a.id_colono, c.direccion
    FROM gestion_granjas.cat_lotes a inner join gestion_granjas.cat_manzanas b
    on a.id_manzana=b.id_manzana 
    left join gestion_granjas.cat_colonos c 
    on a.id_colono=c.id_colono 
    where a.lote=p_lote and a.id_manzana=p_idmanzana and a.estatus='A';
elseif(op=3) then
	/*Consulta por nombre del Colono propietario*/
    SELECT
        a.id_lote, a.id_manzana, b.manzana, a.lote, a.metros_cuadrados, c.nombre, a.id_colono
    FROM gestion_granjas.cat_lotes a inner join gestion_granjas.cat_manzanas b
    on a.id_manzana=b.id_manzana 
    left join gestion_granjas.cat_colonos c 
    on a.id_colono=c.id_colono 
    where nombre like concat('%',p_nombre, '%') and a.estatus='A';
elseif(op=4) then
/*Muestra todos los lotes*/
    SELECT
        a.id_lote, a.id_manzana, b.manzana, a.lote, a.metros_cuadrados, c.nombre, a.id_colono
    FROM gestion_granjas.cat_lotes a inner join gestion_granjas.cat_manzanas b
    on a.id_manzana=b.id_manzana 
    left join gestion_granjas.cat_colonos c 
    on a.id_colono=c.id_colono 
    where a.id_manzana=p_idmanzana and a.estatus='A' order by a.id_manzana and a.id_lote asc;
end if;
END ;;
DELIMITER ;
/*!50003 SET sql_mode              = @saved_sql_mode */ ;
/*!50003 SET character_set_client  = @saved_cs_client */ ;
/*!50003 SET character_set_results = @saved_cs_results */ ;
/*!50003 SET collation_connection  = @saved_col_connection */ ;
/*!50003 DROP PROCEDURE IF EXISTS `sp_catalogo_CManzana` */;
/*!50003 SET @saved_cs_client      = @@character_set_client */ ;
/*!50003 SET @saved_cs_results     = @@character_set_results */ ;
/*!50003 SET @saved_col_connection = @@collation_connection */ ;
/*!50003 SET character_set_client  = utf8 */ ;
/*!50003 SET character_set_results = utf8 */ ;
/*!50003 SET collation_connection  = utf8_general_ci */ ;
/*!50003 SET @saved_sql_mode       = @@sql_mode */ ;
/*!50003 SET sql_mode              = 'STRICT_TRANS_TABLES,NO_AUTO_CREATE_USER,NO_ENGINE_SUBSTITUTION' */ ;
DELIMITER ;;
CREATE DEFINER=`root`@`localhost` PROCEDURE `sp_catalogo_CManzana`()
BEGIN


  -- Declare the cursor

    SELECT
        *
    FROM gestion_granjas.cat_manzanas a
    where estatus='A' order by id_manzana asc;


END ;;
DELIMITER ;
/*!50003 SET sql_mode              = @saved_sql_mode */ ;
/*!50003 SET character_set_client  = @saved_cs_client */ ;
/*!50003 SET character_set_results = @saved_cs_results */ ;
/*!50003 SET collation_connection  = @saved_col_connection */ ;
/*!50003 DROP PROCEDURE IF EXISTS `sp_catalogo_CMedidor` */;
/*!50003 SET @saved_cs_client      = @@character_set_client */ ;
/*!50003 SET @saved_cs_results     = @@character_set_results */ ;
/*!50003 SET @saved_col_connection = @@collation_connection */ ;
/*!50003 SET character_set_client  = utf8 */ ;
/*!50003 SET character_set_results = utf8 */ ;
/*!50003 SET collation_connection  = utf8_general_ci */ ;
/*!50003 SET @saved_sql_mode       = @@sql_mode */ ;
/*!50003 SET sql_mode              = 'STRICT_TRANS_TABLES,NO_AUTO_CREATE_USER,NO_ENGINE_SUBSTITUTION' */ ;
DELIMITER ;;
CREATE DEFINER=`root`@`localhost` PROCEDURE `sp_catalogo_CMedidor`(
IN op int,
IN p_idlote int,
IN p_idmedidor int
)
BEGIN
if(op=1) then
/*Muestra todos los medidores con direccion colono*/
SELECT
        a.id_lote, a.id_manzana, b.manzana, a.lote, a.metros_cuadrados, c.nombre, a.id_colono, d.id_medidor, d.contrato
    FROM gestion_granjas.cat_lotes a inner join gestion_granjas.cat_manzanas b
    on a.id_manzana=b.id_manzana 
    left join gestion_granjas.cat_colonos c 
    on a.id_colono=c.id_colono 
    left join gestion_granjas.cat_medidores d
    on a.id_lote=d.id_lote
   where d.estatus='A';
elseif(op=2) then
/*busca contratos*/
	SELECT
	a.id_medidor, a.contrato,  a.medidor, a.base_cna
    FROM gestion_granjas.cat_medidores a
    WHERE id_lote=p_idlote and estatus='A';
elseif(op=3) then
/*busca contratos*/
	SELECT
	a.id_medidor, a.contrato,  a.medidor, a.base_cna
    FROM gestion_granjas.cat_medidores a
    WHERE id_medidor=p_idmedidor and estatus='A'; 
end if;
END ;;
DELIMITER ;
/*!50003 SET sql_mode              = @saved_sql_mode */ ;
/*!50003 SET character_set_client  = @saved_cs_client */ ;
/*!50003 SET character_set_results = @saved_cs_results */ ;
/*!50003 SET collation_connection  = @saved_col_connection */ ;
/*!50003 DROP PROCEDURE IF EXISTS `sp_catalogo_CMedidor2` */;
/*!50003 SET @saved_cs_client      = @@character_set_client */ ;
/*!50003 SET @saved_cs_results     = @@character_set_results */ ;
/*!50003 SET @saved_col_connection = @@collation_connection */ ;
/*!50003 SET character_set_client  = utf8 */ ;
/*!50003 SET character_set_results = utf8 */ ;
/*!50003 SET collation_connection  = utf8_general_ci */ ;
/*!50003 SET @saved_sql_mode       = @@sql_mode */ ;
/*!50003 SET sql_mode              = 'STRICT_TRANS_TABLES,NO_AUTO_CREATE_USER,NO_ENGINE_SUBSTITUTION' */ ;
DELIMITER ;;
CREATE DEFINER=`root`@`localhost` PROCEDURE `sp_catalogo_CMedidor2`(
IN p_idlote int
)
BEGIN
SELECT
	id_medidor, contrato,  medidor, base_cna
    FROM gestion_granjas.cat_medidores where id_lote=p_idlote;
END ;;
DELIMITER ;
/*!50003 SET sql_mode              = @saved_sql_mode */ ;
/*!50003 SET character_set_client  = @saved_cs_client */ ;
/*!50003 SET character_set_results = @saved_cs_results */ ;
/*!50003 SET collation_connection  = @saved_col_connection */ ;
/*!50003 DROP PROCEDURE IF EXISTS `sp_catalogo_CMenu` */;
/*!50003 SET @saved_cs_client      = @@character_set_client */ ;
/*!50003 SET @saved_cs_results     = @@character_set_results */ ;
/*!50003 SET @saved_col_connection = @@collation_connection */ ;
/*!50003 SET character_set_client  = utf8 */ ;
/*!50003 SET character_set_results = utf8 */ ;
/*!50003 SET collation_connection  = utf8_general_ci */ ;
/*!50003 SET @saved_sql_mode       = @@sql_mode */ ;
/*!50003 SET sql_mode              = 'STRICT_TRANS_TABLES,NO_AUTO_CREATE_USER,NO_ENGINE_SUBSTITUTION' */ ;
DELIMITER ;;
CREATE DEFINER=`root`@`localhost` PROCEDURE `sp_catalogo_CMenu`(
  in tp_modulo int,
  in relModulo int
  
)
BEGIN


  -- Declare the cursor

    SELECT
       a.id_modulo, nombre
    FROM gestion_granjas.cat_modulos a
    where estatus='A' AND TIPO_MODULO=tp_modulo and relacion=relModulo;


END ;;
DELIMITER ;
/*!50003 SET sql_mode              = @saved_sql_mode */ ;
/*!50003 SET character_set_client  = @saved_cs_client */ ;
/*!50003 SET character_set_results = @saved_cs_results */ ;
/*!50003 SET collation_connection  = @saved_col_connection */ ;
/*!50003 DROP PROCEDURE IF EXISTS `sp_catalogo_CUsuario` */;
/*!50003 SET @saved_cs_client      = @@character_set_client */ ;
/*!50003 SET @saved_cs_results     = @@character_set_results */ ;
/*!50003 SET @saved_col_connection = @@collation_connection */ ;
/*!50003 SET character_set_client  = utf8 */ ;
/*!50003 SET character_set_results = utf8 */ ;
/*!50003 SET collation_connection  = utf8_general_ci */ ;
/*!50003 SET @saved_sql_mode       = @@sql_mode */ ;
/*!50003 SET sql_mode              = 'STRICT_TRANS_TABLES,NO_AUTO_CREATE_USER,NO_ENGINE_SUBSTITUTION' */ ;
DELIMITER ;;
CREATE DEFINER=`root`@`localhost` PROCEDURE `sp_catalogo_CUsuario`(in op int)
BEGIN


  -- Declare the cursor
 if(op=1) then
  SELECT    a.id_usuario,usuario,nombre,direccion,b.descripcion as puesto,c.descripcion as perfil, a.puesto,a.id_perfil,a.contraseña
    FROM gestion_granjas.cat_usuarios a 
	inner join gestion_granjas.cat_puestos b on a.puesto=b.id_puesto
     inner join gestion_granjas.cat_perfiles c on a.id_perfil=c.id_perfil
    where a.estatus='A';

end if;

if(op=2) then
    SELECT
        *
    FROM gestion_granjas.cat_puestos a
    where estatus='A';

end if;

if(op=3) then
    SELECT
        *
    FROM gestion_granjas.cat_perfiles a
    where estatus='A';

end if;

END ;;
DELIMITER ;
/*!50003 SET sql_mode              = @saved_sql_mode */ ;
/*!50003 SET character_set_client  = @saved_cs_client */ ;
/*!50003 SET character_set_results = @saved_cs_results */ ;
/*!50003 SET collation_connection  = @saved_col_connection */ ;
/*!50003 DROP PROCEDURE IF EXISTS `sp_frm_Antp_AddAnticipo` */;
/*!50003 SET @saved_cs_client      = @@character_set_client */ ;
/*!50003 SET @saved_cs_results     = @@character_set_results */ ;
/*!50003 SET @saved_col_connection = @@collation_connection */ ;
/*!50003 SET character_set_client  = utf8 */ ;
/*!50003 SET character_set_results = utf8 */ ;
/*!50003 SET collation_connection  = utf8_general_ci */ ;
/*!50003 SET @saved_sql_mode       = @@sql_mode */ ;
/*!50003 SET sql_mode              = 'STRICT_TRANS_TABLES,NO_AUTO_CREATE_USER,NO_ENGINE_SUBSTITUTION' */ ;
DELIMITER ;;
CREATE DEFINER=`root`@`localhost` PROCEDURE `sp_frm_Antp_AddAnticipo`(IN pColono INT,
	IN pManzana int,
	IN pLote int,
	IN pMeses VARCHAR(100),
	IN pImpEfectivo double,
	IN pCheque VARCHAR(50),
	IN pBancoCheque int,
	IN pImpCheque double,
	IN pNoFicha varchar(50),
	IN pBancoFicha int,
	IN pImpFicha double,
    IN pDescuento double,
    IN pServicio double,
    OUT resultado boolean)
BEGIN
  declare texto text;
  declare delimitador char(1);
  declare pos int default 1;
  declare Str varchar(200);
  -- ----------------------------
  
  declare op int;  
  declare parametro double;
  declare metrosCuadrados double default 0;
  declare importeCuota double;
  declare fecha varchar(10);
  declare fechaTarifa  varchar(10);
  declare c int default 0;
  declare folioPago int default 0;
  declare periodoPagoDet varchar(2);
  declare anioPagoDet varchar(4);
  declare folioCuota varchar(20);
  declare nombreServicio varchar(100);

  set delimitador=',';
  set texto =pMeses;
  
  -- *************************************************************
  -- **** Se obtiene el folio del Pago
  -- *************************************************************
  select IFNULL(max(folio),0)+1 into folioPago from gestion_granjas.pagos_anticipos;
  
  if(folioPago=0) then
	 
     SET folioPago=1;
  end if;

  -- *************************************************************
  -- **** Se obtiene el folio de la cuota
  -- *************************************************************
    select folio, trim(servicio) into folioCuota,nombreServicio from gestion_granjas.cat_servicios
   where id_servicio=pServicio;
  
    -- ***************************************************************
  
  
  SELECT metros_cuadrados into metrosCuadrados FROM gestion_granjas.cat_lotes
  where id_colono=pColono and id_manzana=pManzana and id_lote=pLote;
  

   
  -- *************************************************************************
  -- **** Consulta de tarifa por periodo
  -- *************************************************************************
        SELECT TIPO,VALOR INTO op,parametro FROM gestion_granjas.tarifas_mantenimiento
			where estatus = 'A';
	-- **************************************************************************
 -- ******************************************************
 -- ***		Lectura de meses
 -- ******************************************************
 WHILE CHAR_LENGTH(texto) > 0 AND Pos > 0 DO
  SET pos = INSTR(texto, delimitador); 
  IF pos = 0 THEN 
     SET Str = texto; 
  ELSE 
     SET Str = LEFT(texto, pos - 1); 
  END IF; 
  
   IF TRIM(Str) != '' THEN 
   
		-- Armado de fechas
		set fecha=CONCAT('01/',LPAD(Str,2,'0'),"/16");
        set fechaTarifa=CONCAT('2016-',LPAD(Str,2,'0'),"-01");
        set periodoPagoDet=LPAD(Str,2,'0');
        set anioPagoDet="2016";
        
       
       -- Cuota definida
        IF(op=1) THEN        
        SET importeCuota=parametro;
		END IF;
        
        -- Cuota calculada
        IF(op=2) THEN        
        SET importeCuota= parametro * metrosCuadrados;		
        END IF;
        
-- SELECT Str; 
	END IF; 
   
      SET texto = SUBSTRING(texto, pos + 1); 
	-- Contador
	set c =c+1;
    
    -- Se inserta la cuota por fecha del lote en detalle de pagos
     insert into  gestion_granjas.pagos_detalle( folio_pago,cuota,periodo,anio,tipo_pago)
     values(folioPago,importeCuota,periodoPagoDet,anioPagoDet,3);
    set resultado=true;
    
    -- Se registra kardex de cuotas cubiertas
    insert into gestion_granjas.kardex_servicios(folio, folio_pago, id_factor, id_servicio, importe, 
    servicio,periodo,anio, estatus,  fecha_registro,tipo_pago)
    VALUES(folioCuota,folioPago,pLote,pServicio,importeCuota,nombreServicio,periodoPagoDet,anioPagoDet,'S',NOW(),3);
    
  END WHILE;
  
  -- Validaciones 
  IF(pImpFicha=0) THEN
  SET pBancoFicha=0;
  END IF;
  
  IF(pImpCheque=0) THEN
  SET pBancoCheque=0;
  END IF;
  
  -- Registra encabezado del pago
  insert into  gestion_granjas.pagos_anticipos(folio,id_factor,id_servicio,fecha_Pago,
							importe_efectivo,no_cheque,banco_cheque,importe_cheque,no_ficha,
                            banco_ficha,importe_ficha,descuento) 
     values(folioPago,pLote,pServicio,now(),pImpEfectivo ,pCheque , pBancoCheque ,pImpCheque , pNoFicha ,
           pBancoFicha , pImpFicha ,pDescuento);
END ;;
DELIMITER ;
/*!50003 SET sql_mode              = @saved_sql_mode */ ;
/*!50003 SET character_set_client  = @saved_cs_client */ ;
/*!50003 SET character_set_results = @saved_cs_results */ ;
/*!50003 SET collation_connection  = @saved_col_connection */ ;
/*!50003 DROP PROCEDURE IF EXISTS `sp_frm_Antp_AddAnticipoAgua` */;
/*!50003 SET @saved_cs_client      = @@character_set_client */ ;
/*!50003 SET @saved_cs_results     = @@character_set_results */ ;
/*!50003 SET @saved_col_connection = @@collation_connection */ ;
/*!50003 SET character_set_client  = utf8 */ ;
/*!50003 SET character_set_results = utf8 */ ;
/*!50003 SET collation_connection  = utf8_general_ci */ ;
/*!50003 SET @saved_sql_mode       = @@sql_mode */ ;
/*!50003 SET sql_mode              = 'STRICT_TRANS_TABLES,NO_AUTO_CREATE_USER,NO_ENGINE_SUBSTITUTION' */ ;
DELIMITER ;;
CREATE DEFINER=`root`@`localhost` PROCEDURE `sp_frm_Antp_AddAnticipoAgua`(IN pColono INT,
	IN pManzana int,
	IN pLote int,
	IN pMeses VARCHAR(100),
	IN pImpEfectivo double,
	IN pCheque VARCHAR(50),
	IN pBancoCheque int,
	IN pImpCheque double,
	IN pNoFicha varchar(50),
	IN pBancoFicha int,
	IN pImpFicha double,
    IN pDescuento double,
    IN pServicio double,
    OUT resultado boolean)
BEGIN
  declare texto text;
  declare delimitador char(1);
  declare pos int default 1;
  declare Str varchar(200);
  -- ----------------------------
  
  declare op int;  
  declare parametro double;
  declare metrosCuadrados double default 0;
  declare importeCuota double;
  declare fecha varchar(10);
  declare fechaTarifa  varchar(10);
  declare c int default 0;
  declare idColono int default 0;
  declare periodoPagoDet varchar(2);
  declare anioPagoDet varchar(4);
  declare folioCuota varchar(20);
  declare nombreServicio varchar(100);

  set delimitador=',';
  set texto =pMeses;
  
  -- *************************************************************
  -- **** Se obtiene el folio del Pago
  -- *************************************************************
  select ifnull(id,0) into idColono from gestion_granjas.saldo_anticipos 
  where id_factor=pColono;
	
  	SET importeCuota = pImpEfectivo + pImpCheque + pImpFicha;

  
  
  if(idColono=0) then
	INSERT INTO gestion_granjas.saldo_anticipos (ID_FACTOR,SALDO,FECHA_CAMBIO)
    VALUES(pColono,importeCuota,NOW());
    ELSE 
    UPDATE gestion_granjas.saldo_anticipos SET SALDO=SALDO+importeCuota ,FECHA_CAMBIO=NOW()
      where id_factor=pColono;
  end if;
  

    set resultado=true;
    

  
  -- Registra encabezado del pago
  insert into  gestion_granjas.detalle_anticipos(id_factor,id_servicio,fecha_anticipo,importe,
							importe_efectivo,no_cheque,banco_cheque,importe_cheque,no_ficha,
                            banco_ficha,importe_ficha,estatus) 
     values(pColono,pServicio,now(),importeCuota,pImpEfectivo ,pCheque , pBancoCheque ,pImpCheque , pNoFicha ,
           pBancoFicha , pImpFicha ,'A');
END ;;
DELIMITER ;
/*!50003 SET sql_mode              = @saved_sql_mode */ ;
/*!50003 SET character_set_client  = @saved_cs_client */ ;
/*!50003 SET character_set_results = @saved_cs_results */ ;
/*!50003 SET collation_connection  = @saved_col_connection */ ;
/*!50003 DROP PROCEDURE IF EXISTS `sp_frm_Antp_CalculaPartidas` */;
ALTER DATABASE `gestion_granjas` CHARACTER SET utf8 COLLATE utf8_spanish_ci ;
/*!50003 SET @saved_cs_client      = @@character_set_client */ ;
/*!50003 SET @saved_cs_results     = @@character_set_results */ ;
/*!50003 SET @saved_col_connection = @@collation_connection */ ;
/*!50003 SET character_set_client  = utf8 */ ;
/*!50003 SET character_set_results = utf8 */ ;
/*!50003 SET collation_connection  = utf8_general_ci */ ;
/*!50003 SET @saved_sql_mode       = @@sql_mode */ ;
/*!50003 SET sql_mode              = 'STRICT_TRANS_TABLES,NO_AUTO_CREATE_USER,NO_ENGINE_SUBSTITUTION' */ ;
DELIMITER ;;
CREATE DEFINER=`root`@`localhost` PROCEDURE `sp_frm_Antp_CalculaPartidas`(IN pColono INT,
IN pManzana int,
IN pLote int,
IN pMeses VARCHAR(100))
BEGIN
  declare texto text;
  declare delimitador char(1);
  declare pos int default 1;
  declare Str varchar(200);
  -- ----------------------------
  
  declare op int;  
  declare parametro double;
  declare metrosCuadrados double default 0;
  declare cuota double;
  declare fecha varchar(10);
  declare fechaTarifa  varchar(10);
  declare c int default 0;
  
  set delimitador=',';
  set texto =pMeses;
  
  SELECT metros_cuadrados into metrosCuadrados FROM gestion_granjas.cat_lotes
  where id_colono=pColono and id_manzana=pManzana and id_lote=pLote;
  
  
  -- *************************************************************************
  -- **** Consulta de tarifa por periodo
  -- *************************************************************************
        SELECT TIPO,VALOR INTO op,parametro FROM gestion_granjas.tarifas_mantenimiento
			where estatus = 'A';
	-- **************************************************************************
       
  
  -- ****************************************************
  -- ****		Cracion de tabla temporal
  -- ****************************************************
	drop table if exists tmpCuotas;
    CREATE TEMPORARY TABLE IF NOT EXISTS tmpCuotas (   id int(10) NOT NULL ,
		idColono varchar(50),
	  fechaCuota varchar(10) ,
      cuotaMA double	   
	) ;
  -- ********************************************************
 
 -- ******************************************************
 -- ***		Lectura de meses
 -- ******************************************************
 WHILE CHAR_LENGTH(texto) > 0 AND Pos > 0 DO
  SET pos = INSTR(texto, delimitador); 
  IF pos = 0 THEN 
     SET Str = texto; 
  ELSE 
     SET Str = LEFT(texto, pos - 1); 
  END IF; 
  
   IF TRIM(Str) != '' THEN 
   
		-- Armado de fechas
		set fecha=CONCAT('01/',LPAD(Str,2,'0'),"/16");
        set fechaTarifa=CONCAT('2016-',LPAD(Str,2,'0'),"-01");
        
        
       -- Cuota definida
        IF(op=1) THEN        
        SET cuota=parametro;
		END IF;
        
        -- Cuota calculada
        IF(op=2) THEN        
        SET cuota= parametro * metrosCuadrados;		
        END IF;
        
-- SELECT Str; 
	END IF; 
   
      SET texto = SUBSTRING(texto, pos + 1); 
	-- Contador
	set c =c+1;
    
    -- Se inserta la cuota por fecha del colono
     insert into  tmpCuotas(id,idColono,fechaCuota,cuotaMA) values(c,pColono,fechaTarifa,cuota);
     
  END WHILE;
  
  -- Consulta de cuotas calculadas
  select 'Cuotas de Mantenimiento', date_format(fechaCuota, '%b %Y'),TRUNCATE(cuotaMA,2)  from tmpCuotas order by id;

END ;;
DELIMITER ;
/*!50003 SET sql_mode              = @saved_sql_mode */ ;
/*!50003 SET character_set_client  = @saved_cs_client */ ;
/*!50003 SET character_set_results = @saved_cs_results */ ;
/*!50003 SET collation_connection  = @saved_col_connection */ ;
ALTER DATABASE `gestion_granjas` CHARACTER SET utf8 COLLATE utf8_general_ci ;
/*!50003 DROP PROCEDURE IF EXISTS `sp_frm_Antp_CAnticipos` */;
ALTER DATABASE `gestion_granjas` CHARACTER SET utf8 COLLATE utf8_spanish_ci ;
/*!50003 SET @saved_cs_client      = @@character_set_client */ ;
/*!50003 SET @saved_cs_results     = @@character_set_results */ ;
/*!50003 SET @saved_col_connection = @@collation_connection */ ;
/*!50003 SET character_set_client  = utf8 */ ;
/*!50003 SET character_set_results = utf8 */ ;
/*!50003 SET collation_connection  = utf8_general_ci */ ;
/*!50003 SET @saved_sql_mode       = @@sql_mode */ ;
/*!50003 SET sql_mode              = 'STRICT_TRANS_TABLES,NO_AUTO_CREATE_USER,NO_ENGINE_SUBSTITUTION' */ ;
DELIMITER ;;
CREATE DEFINER=`root`@`localhost` PROCEDURE `sp_frm_Antp_CAnticipos`(
IN p_idlote int
)
BEGIN
DECLARE anio varchar(4);
DECLARE servicio int;

SET servicio=2;
set anio='2016';

SELECT PERIODO  FROM gestion_granjas.kardex_servicios where id_servicio=servicio
				and id_factor=p_idlote
				and estatus ='S' 
                AND PERIODO>=date_format(DATE_ADD(now(), INTERVAL +1 MONTH), '%m')
				and anio=anio ORDER BY PERIODO ASC;
 

END ;;
DELIMITER ;
/*!50003 SET sql_mode              = @saved_sql_mode */ ;
/*!50003 SET character_set_client  = @saved_cs_client */ ;
/*!50003 SET character_set_results = @saved_cs_results */ ;
/*!50003 SET collation_connection  = @saved_col_connection */ ;
ALTER DATABASE `gestion_granjas` CHARACTER SET utf8 COLLATE utf8_general_ci ;
/*!50003 DROP PROCEDURE IF EXISTS `sp_frm_Antp_ValidaAdeudo` */;
/*!50003 SET @saved_cs_client      = @@character_set_client */ ;
/*!50003 SET @saved_cs_results     = @@character_set_results */ ;
/*!50003 SET @saved_col_connection = @@collation_connection */ ;
/*!50003 SET character_set_client  = utf8 */ ;
/*!50003 SET character_set_results = utf8 */ ;
/*!50003 SET collation_connection  = utf8_general_ci */ ;
/*!50003 SET @saved_sql_mode       = @@sql_mode */ ;
/*!50003 SET sql_mode              = 'STRICT_TRANS_TABLES,NO_AUTO_CREATE_USER,NO_ENGINE_SUBSTITUTION' */ ;
DELIMITER ;;
CREATE DEFINER=`root`@`localhost` PROCEDURE `sp_frm_Antp_ValidaAdeudo`(
IN p_idlote int,
IN p_servicio INT,
OUT respuesta boolean
)
BEGIN
-- Servicio de Mantenimiento
declare pServicio int default 2;
declare valida int default 0;

	if(p_servicio=2) then
		SELECT count(*) into valida FROM gestion_granjas.kardex_servicios where id_servicio=p_servicio
		and id_factor=p_idlote
		 and estatus in ('V','C','A') ;
	end if;
    
    if(p_servicio=3) then
		SELECT count(*) into valida from kardex_servicios a
		inner join gestion_granjas.cat_medidores b on  a.id_factor=b.id_medidor
		where a.id_servicio=p_servicio		and b.id_lote=p_idlote
		 and a.estatus in ('V','C','A');
	end if;
 if(valida >0)then
    
    SET respuesta=true;
 else 
	SET respuesta=false;
 end if;
 

END ;;
DELIMITER ;
/*!50003 SET sql_mode              = @saved_sql_mode */ ;
/*!50003 SET character_set_client  = @saved_cs_client */ ;
/*!50003 SET character_set_results = @saved_cs_results */ ;
/*!50003 SET collation_connection  = @saved_col_connection */ ;
/*!50003 DROP PROCEDURE IF EXISTS `sp_frm_Login_ValidaUsr` */;
/*!50003 SET @saved_cs_client      = @@character_set_client */ ;
/*!50003 SET @saved_cs_results     = @@character_set_results */ ;
/*!50003 SET @saved_col_connection = @@collation_connection */ ;
/*!50003 SET character_set_client  = utf8 */ ;
/*!50003 SET character_set_results = utf8 */ ;
/*!50003 SET collation_connection  = utf8_general_ci */ ;
/*!50003 SET @saved_sql_mode       = @@sql_mode */ ;
/*!50003 SET sql_mode              = 'STRICT_TRANS_TABLES,NO_AUTO_CREATE_USER,NO_ENGINE_SUBSTITUTION' */ ;
DELIMITER ;;
CREATE DEFINER=`root`@`localhost` PROCEDURE `sp_frm_Login_ValidaUsr`(
  IN usr varchar(45),
  IN contra varchar(45),
  OUT resultado INT,
  OUT perfil INT
)
BEGIN


SELECT
  COUNT(*)
INTO
  resultado
FROM
  gestion_granjas.cat_usuarios
WHERE
  usuario = usr and contraseña = contra ;
  if (resultado=1) then
	SELECT a.id_perfil into perfil from gestion_granjas.cat_usuarios a
    inner join cat_perfiles b on a.id_perfil=b.id_perfil
    where  a.usuario = usr;
  end if;
  
  
END ;;
DELIMITER ;
/*!50003 SET sql_mode              = @saved_sql_mode */ ;
/*!50003 SET character_set_client  = @saved_cs_client */ ;
/*!50003 SET character_set_results = @saved_cs_results */ ;
/*!50003 SET collation_connection  = @saved_col_connection */ ;
/*!50003 DROP PROCEDURE IF EXISTS `sp_frm_PagoMto_AddPago` */;
/*!50003 SET @saved_cs_client      = @@character_set_client */ ;
/*!50003 SET @saved_cs_results     = @@character_set_results */ ;
/*!50003 SET @saved_col_connection = @@collation_connection */ ;
/*!50003 SET character_set_client  = utf8 */ ;
/*!50003 SET character_set_results = utf8 */ ;
/*!50003 SET collation_connection  = utf8_general_ci */ ;
/*!50003 SET @saved_sql_mode       = @@sql_mode */ ;
/*!50003 SET sql_mode              = 'STRICT_TRANS_TABLES,NO_AUTO_CREATE_USER,NO_ENGINE_SUBSTITUTION' */ ;
DELIMITER ;;
CREATE DEFINER=`root`@`localhost` PROCEDURE `sp_frm_PagoMto_AddPago`(
IN pkardex VARCHAR(100),
IN pidlote int,
IN pServicio int,
IN pImpEfectivo double,
IN pCheque VARCHAR(50),
IN pBancoCheque int,
IN pImpCheque double,
IN pNoFicha varchar(50),
IN pBancoFicha int,
IN pImpFicha double,
IN pMulta double,
IN pidColono int,
OUT resultado boolean
)
BEGIN
	declare texto text;
	declare delimitador char(1);
	declare pos int default 1;
	declare Str varchar(200);
  -- ----------------------------
    DECLARE done INT DEFAULT FALSE;

	-- declare pServicio int default 2;
	declare valida int default 0;
	declare v_estatus varchar(2) ;
	declare fecha varchar(10);
	declare fechaTarifa  varchar(10);
	declare c int default 0;
	declare folioPago int default 0;
	declare periodoPagoDet varchar(2);
	declare anioPagoDet varchar(4);
	declare folioCuota varchar(20);
	declare nombreServicio varchar(100);
	declare importeCuota double;
    declare pidEstatus int default 0;
    declare v_idServicio int default 0;
	declare folioDetCuota int default 0;
	declare valColono int default 0;
	declare valSaldo double default 0;
	declare valIdAnticipo int default 0;
	declare valImporteAnticipo double default 0;
	declare valTotImporteAnticipo double default 0;
	declare valTotalPago double default 0;
	declare valEstatusAnticipo varchar(2) ;
	declare valSaldoAnticipo double default 0;
	declare valCalculoAnticipo double default 0;
    declare importeTotalCuota double default 0;


 
  -- *************************************************************
  -- **** Se inicializa cursor para pago de cuotas de agua
     declare  cur  cursor for   select id,importe from gestion_granjas.detalle_anticipos 
     where id_servicio=3 and id_factor=pidColono and estatus='A';
		 DECLARE CONTINUE HANDLER FOR NOT FOUND SET done = TRUE;
      
    
	SET v_estatus='S';    
	set delimitador=',';
	set texto =pkardex;    
	SET valEstatusAnticipo='';
 
   set valTotalPago= pImpEfectivo+ pImpCheque+ pImpFicha;
 -- *************************************************************
  -- **** Se obtiene el folio del Pago
  -- *************************************************************
  select IFNULL(max(folio),0)+1 into folioPago from gestion_granjas.pagos_anticipos;
  
  if(folioPago=0) then
	 
     SET folioPago=1;
  end if;
  
  -- *************************************************************
  -- **** Se obtiene el folio de la cuota
  -- *************************************************************
    select folio, trim(servicio) into folioCuota,nombreServicio from gestion_granjas.cat_servicios
   where id_servicio=pServicio;
    
    -- ----------------------------------------------
    
    
  
 -- ******************************************************
 -- ***		Lectura de meses
 -- ******************************************************
	 WHILE CHAR_LENGTH(texto) > 0 AND Pos > 0 DO
	  SET pos = INSTR(texto, delimitador); 
	  IF pos = 0 THEN 
		 SET Str = texto; 
	  ELSE 
		 SET Str = LEFT(texto, pos - 1); 
	  END IF; 
	  
	   IF TRIM(Str) != '' THEN 
	   
			-- Armado de fechas
			set fecha=CONCAT('01/',LPAD(Str,2,'0'),"/16");
			set fechaTarifa=CONCAT('2016-',LPAD(Str,2,'0'),"-01");
			set periodoPagoDet=LPAD(Str,2,'0');
			set anioPagoDet="2016";
			
		   
		  /* -- Cuota definida
			IF(op=1) THEN        
			SET importeCuota=parametro;
			END IF;
			
			-- Cuota calculada
			IF(op=2) THEN        
			SET importeCuota= parametro * metrosCuadrados;		
			END IF;*/
			
		/*	if (pServicio=3 )then        
		  
			
			 OPEN cur; 
				 read_loop: LOOP 
				FETCH cur INTO v_idServicio,importeCuota ,periodoPagoDet,anioPagoDet,v_estatus ;
					IF done THEN
					  LEAVE read_loop;
					END IF;
					
						IF(v_estatus='A') THEN 
							SET pidEstatus=1;
				
						END IF;
						IF(v_estatus='V') THEN 
							SET pidEstatus=2;
						
						END IF;
						IF(v_estatus='C') THEN 
							SET pidEstatus=4;
					
						END IF;
                        
                        
                         insert into  gestion_granjas.pagos_detalle( folio_pago,cuota,periodo,anio,tipo_pago)
										values(folioPago,importeCuota,periodoPagoDet,anioPagoDet,pidEstatus);
						set resultado=true;
						SET v_estatus='S';  
                        
						-- Se registra kardex de cuotas cubiertas
						UPDATE kardex_servicios SET ESTATUS=v_estatus , FOLIO_PAGO=folioPago, TIPO_PAGO=pidEstatus,
							 FECHA_REGISTRO=NOW() WHERE ID=v_idServicio;
			
			END LOOP;

		  CLOSE cur;
			end if;
			
			 if (pServicio=2 )then  */ 
             	SET v_estatus='S';  
				select importe,periodo,anio,estatus into importeCuota ,periodoPagoDet,anioPagoDet,v_estatus from kardex_servicios WHERE ID=Str;

				IF(v_estatus='A') THEN 
					SET pidEstatus=1;
				
				END IF;
				IF(v_estatus='V') THEN 
					SET pidEstatus=2;
				
				END IF;
				IF(v_estatus='C') THEN 
					SET pidEstatus=4;
				
				END IF;
				if(pServicio=2) then
				
               
				-- Se inserta la cuota por fecha del lote en detalle de pagos
				insert into  gestion_granjas.pagos_detalle( folio_pago,cuota,periodo,anio,tipo_pago)
								values(folioPago,importeCuota,periodoPagoDet,anioPagoDet,pidEstatus);
                                commit;
                                
                 select folio INTO folioDetCuota from  gestion_granjas.pagos_detalle
                 where  folio_pago = folioPago and periodo= periodoPagoDet and anio= anioPagoDet ;    
                 UPDATE kardex_servicios SET ESTATUS=v_estatus , FOLIO_PAGO=folioDetCuota, TIPO_PAGO=pidEstatus,
					 FECHA_REGISTRO=NOW() WHERE ID=Str;
				 end if;
                 
                 
                 if(pServicio=3) then
					select ifnull(id,0),ifnull(saldo,0) into valColono ,valSaldo from gestion_granjas.saldo_anticipos 
						where id_factor=pidColono and saldo>0;
               
                     if(valColono>0 ) then                    
                     
                     
						 OPEN cur; 
							 read_loop: LOOP 
							FETCH cur INTO valIdAnticipo,valImporteAnticipo  ;
								IF done THEN
								  LEAVE read_loop;
								END IF;
                                SET valCalculoAnticipo=importeCuota;
                                SET valTotImporteAnticipo = valTotImporteAnticipo + valImporteAnticipo;
                               
                               select ifnull(id,0),ifnull(saldo,0) into valColono ,valSaldo from gestion_granjas.saldo_anticipos 
									where id_factor=pidColono and saldo>0;
                                if(valColono>0 ) then   
                                
                               if(valCalculoAnticipo <= valImporteAnticipo) then
									SET valEstatusAnticipo='A';
									SET valCalculoAnticipo=valCalculoAnticipo-valImporteAnticipo;
                                    SET valSaldoAnticipo=valSaldo - (valImporteAnticipo -valCalculoAnticipo);
                        
                               end if;
                     
							  if(valCalculoAnticipo > valImporteAnticipo) then
									SET valEstatusAnticipo='I';
                                    SET valCalculoAnticipo=valCalculoAnticipo-valImporteAnticipo;

                                      SET valSaldoAnticipo=valSaldo - ( valImporteAnticipo );
								end if;
                     
							
							INSERT INTO gestion_granjas.gestion_cuotas_agua(id_kardex,id_anticipo)
							values(Str,valIdAnticipo);
                            
							update  gestion_granjas.detalle_anticipos set estatus=valEstatusAnticipo
							where id=valIdAnticipo;
                            
                            UPDATE gestion_granjas.saldo_anticipos SET Saldo = valSaldoAnticipo, fecha_cambio=now()
                            where id_factor=pidColono;
                            
                            commit;
										
                              end if;
							END LOOP;

						  CLOSE cur;
                          
                          if(importeCuota<=valTotImporteAnticipo) then
                            SET importeTotalCuota=importeCuota-valTotImporteAnticipo;
                          else
							SET importeTotalCuota=importeCuota;
                          end if;
                          
                          insert into  gestion_granjas.pagos_detalle( folio_pago,cuota,periodo,anio,tipo_pago)
										values(folioPago,importeTotalCuota,periodoPagoDet,anioPagoDet,pidEstatus);
										commit;
										
							select MAX(folio) INTO folioDetCuota from  gestion_granjas.pagos_detalle
								where  folio_pago = folioPago and periodo= periodoPagoDet and anio= anioPagoDet ;   
						 
							UPDATE kardex_servicios SET ESTATUS='S' , FOLIO_PAGO=folioDetCuota, TIPO_PAGO=pidEstatus,
								FECHA_REGISTRO=NOW() WHERE ID=Str;
                          
                     -- -**** cursor
                     -- select id,importe from gestion_granjas.detalle_anticipos where id_servicio=3 and id_factor=pidColono;
                    
                    -- validar anticipos vs monto de cuota de medidor y registrar en la gestion
                    -- posteriormente actualizar saldo de saldo_anticipos y actualizar estatus de detalle anticipos
                    end if;
				-- Se inserta la cuota por fecha del lote en detalle de pagos
                
                -- Poisiblemente omitir
					 if(valColono=0) then
						
							insert into  gestion_granjas.pagos_detalle( folio_pago,cuota,periodo,anio,tipo_pago)
										values(folioPago,importeCuota,periodoPagoDet,anioPagoDet,pidEstatus);
										commit;
										
							select MAX(folio) INTO folioDetCuota from  gestion_granjas.pagos_detalle
								where  folio_pago = folioPago and periodo= periodoPagoDet and anio= anioPagoDet ;   
						 
							UPDATE kardex_servicios SET ESTATUS=v_estatus , FOLIO_PAGO=folioDetCuota, TIPO_PAGO=pidEstatus,
								FECHA_REGISTRO=NOW() WHERE ID=Str;
						end if;
                 
				 end if;
                 
                 
                set resultado=true;
				SET v_estatus='S';  
				-- Se registra kardex de cuotas cubiertas
				
				 
		-- 	END IF;
	-- SELECT Str; 
		END IF; 
	   
		  SET texto = SUBSTRING(texto, pos + 1); 
		-- Contador
		set c =c+1;
		 

	  END WHILE;
  
  -- Validaciones 
  IF(pImpFicha=0) THEN
  SET pBancoFicha=0;
  END IF;
  
  IF(pImpCheque=0) THEN
  SET pBancoCheque=0;
  END IF;
  
  set resultado=true;
  -- Registra encabezado del pago

  insert into  gestion_granjas.pagos_anticipos(folio,id_factor,id_servicio,fecha_Pago,
							importe_efectivo,no_cheque,banco_cheque,importe_cheque,no_ficha,
                            banco_ficha,importe_ficha,multa) 
     values(folioPago,pidlote,pServicio,now(),pImpEfectivo ,pCheque , pBancoCheque ,pImpCheque , pNoFicha ,
           pBancoFicha , pImpFicha ,pMulta);
  
  
  
	-- Se salda en tabla de KARDEX
	


END ;;
DELIMITER ;
/*!50003 SET sql_mode              = @saved_sql_mode */ ;
/*!50003 SET character_set_client  = @saved_cs_client */ ;
/*!50003 SET character_set_results = @saved_cs_results */ ;
/*!50003 SET collation_connection  = @saved_col_connection */ ;
/*!50003 DROP PROCEDURE IF EXISTS `sp_frm_PagoMto_CAdeudos` */;
/*!50003 SET @saved_cs_client      = @@character_set_client */ ;
/*!50003 SET @saved_cs_results     = @@character_set_results */ ;
/*!50003 SET @saved_col_connection = @@collation_connection */ ;
/*!50003 SET character_set_client  = utf8 */ ;
/*!50003 SET character_set_results = utf8 */ ;
/*!50003 SET collation_connection  = utf8_general_ci */ ;
/*!50003 SET @saved_sql_mode       = @@sql_mode */ ;
/*!50003 SET sql_mode              = 'STRICT_TRANS_TABLES,NO_AUTO_CREATE_USER,NO_ENGINE_SUBSTITUTION' */ ;
DELIMITER ;;
CREATE DEFINER=`root`@`localhost` PROCEDURE `sp_frm_PagoMto_CAdeudos`(
IN p_idlote int,
IN p_Servicio int
)
BEGIN
-- Servicio de Mantenimiento
declare pServicio int default 2;
declare valida int default 0;


if(p_servicio=2) then

	SELECT a.id,a.id_servicio,importe ,concat(a.periodo,'/',date_format(concat(anio, a.periodo,'01'), '%y') ,
		' (', date_format(concat(anio, a.periodo,'01'), '%b %Y'),' ) $ ', importe), b.Descripcion,
		c.servicio,date_format(concat(anio, a.periodo,'01'), '%b %y') as Concat_periodo, a.periodo,
		concat( d.descripcion,' (',d.valor,')') as tasa_periodo,a.anio
	FROM gestion_granjas.kardex_servicios a
	LEFT JOIN gestion_granjas.cat_estatus b on a.estatus = b.clave
	LEFT JOIN gestion_granjas.cat_servicios c on a.id_servicio=c.id_servicio
    LEFT JOIN gestion_granjas.tarifas_mantenimiento d
			ON fecha_aplicacion=(
						SELECT MAX(FECHA_APLICACION) FROM gestion_granjas.tarifas_mantenimiento
						WHERE fecha_aplicacion<=concat(a.anio,'-',a.periodo,'-01')
					-- 	and estatus 'I'
						)
	WHERE a.id_servicio=p_Servicio and  id_factor=p_idlote
	AND a.estatus in('A','V')
	;
end if;
if(p_servicio=3) then

	SELECT e.id_lote,a.id_servicio,truncate(sum(importe),2)  as importes ,concat(a.periodo,'/',date_format(concat(anio, a.periodo,'01'), '%y') ,
		' (', date_format(concat(anio, a.periodo,'01'), '%b %Y'),' ) $ '), b.Descripcion,
		c.servicio,date_format(concat(anio, a.periodo,'01'), '%b %y') as Concat_periodo, a.periodo, 
	'Tarifa 1' as tasa_periodo,a.anio
	FROM gestion_granjas.kardex_servicios a
    left join gestion_granjas.cat_medidores e on a.id_factor=e.id_medidor
	LEFT JOIN gestion_granjas.cat_estatus b on a.estatus = b.clave
	LEFT JOIN gestion_granjas.cat_servicios c on a.id_servicio=c.id_servicio
 
	WHERE a.id_servicio=p_Servicio and  e.id_lote=p_idlote
	AND a.estatus in('A','V')
      group by 1,2,4,5,6,7,8,9
	;
end if;

END ;;
DELIMITER ;
/*!50003 SET sql_mode              = @saved_sql_mode */ ;
/*!50003 SET character_set_client  = @saved_cs_client */ ;
/*!50003 SET character_set_results = @saved_cs_results */ ;
/*!50003 SET collation_connection  = @saved_col_connection */ ;
/*!50003 DROP PROCEDURE IF EXISTS `sp_frm_PagoMto_CFolioKardex` */;
/*!50003 SET @saved_cs_client      = @@character_set_client */ ;
/*!50003 SET @saved_cs_results     = @@character_set_results */ ;
/*!50003 SET @saved_col_connection = @@collation_connection */ ;
/*!50003 SET character_set_client  = utf8 */ ;
/*!50003 SET character_set_results = utf8 */ ;
/*!50003 SET collation_connection  = utf8_general_ci */ ;
/*!50003 SET @saved_sql_mode       = @@sql_mode */ ;
/*!50003 SET sql_mode              = 'STRICT_TRANS_TABLES,NO_AUTO_CREATE_USER,NO_ENGINE_SUBSTITUTION' */ ;
DELIMITER ;;
CREATE DEFINER=`root`@`localhost` PROCEDURE `sp_frm_PagoMto_CFolioKardex`(in pLote int,
								in pPeriodo varchar(2),
								in pAnio varchar(4))
BEGIN


 select id,importe,periodo,anio,a.estatus ,id_lote   from kardex_servicios a
		inner join gestion_granjas.cat_medidores b on a.id_factor=b.id_medidor
        WHERE a.id_servicio=3 and b.id_lote=pLote and periodo=pPeriodo and anio=pAnio ;
END ;;
DELIMITER ;
/*!50003 SET sql_mode              = @saved_sql_mode */ ;
/*!50003 SET character_set_client  = @saved_cs_client */ ;
/*!50003 SET character_set_results = @saved_cs_results */ ;
/*!50003 SET collation_connection  = @saved_col_connection */ ;
/*!50003 DROP PROCEDURE IF EXISTS `sp_frm_PagoMto_CFolioPago` */;
/*!50003 SET @saved_cs_client      = @@character_set_client */ ;
/*!50003 SET @saved_cs_results     = @@character_set_results */ ;
/*!50003 SET @saved_col_connection = @@collation_connection */ ;
/*!50003 SET character_set_client  = utf8 */ ;
/*!50003 SET character_set_results = utf8 */ ;
/*!50003 SET collation_connection  = utf8_general_ci */ ;
/*!50003 SET @saved_sql_mode       = @@sql_mode */ ;
/*!50003 SET sql_mode              = 'STRICT_TRANS_TABLES,NO_AUTO_CREATE_USER,NO_ENGINE_SUBSTITUTION' */ ;
DELIMITER ;;
CREATE DEFINER=`root`@`localhost` PROCEDURE `sp_frm_PagoMto_CFolioPago`(
OUT p_folio INT
)
BEGIN


	SET p_folio=0;
-- *************************************************************
  -- **** Se obtiene el folio del Pago
  -- *************************************************************
  select IFNULL(max(folio),0)+1 into p_folio from gestion_granjas.pagos_anticipos;
  
  if(p_folio=0) then
	 
     SET p_folio=1;
  end if;

END ;;
DELIMITER ;
/*!50003 SET sql_mode              = @saved_sql_mode */ ;
/*!50003 SET character_set_client  = @saved_cs_client */ ;
/*!50003 SET character_set_results = @saved_cs_results */ ;
/*!50003 SET collation_connection  = @saved_col_connection */ ;
/*!50003 DROP PROCEDURE IF EXISTS `sp_frm_PrcCuotas_AddCuotaAgua` */;
/*!50003 SET @saved_cs_client      = @@character_set_client */ ;
/*!50003 SET @saved_cs_results     = @@character_set_results */ ;
/*!50003 SET @saved_col_connection = @@collation_connection */ ;
/*!50003 SET character_set_client  = utf8 */ ;
/*!50003 SET character_set_results = utf8 */ ;
/*!50003 SET collation_connection  = utf8_general_ci */ ;
/*!50003 SET @saved_sql_mode       = @@sql_mode */ ;
/*!50003 SET sql_mode              = 'STRICT_TRANS_TABLES,NO_AUTO_CREATE_USER,NO_ENGINE_SUBSTITUTION' */ ;
DELIMITER ;;
CREATE DEFINER=`root`@`localhost` PROCEDURE `sp_frm_PrcCuotas_AddCuotaAgua`( 
	IN p_periodo VARCHAR(2),
	IN p_anio VARCHAR(4),
    IN p_usr varchar(20),
    OUT respuesta boolean)
BEGIN

  DECLARE done INT DEFAULT FALSE;
  DECLARE v_medidor int;
  declare folioPago int default 0;
  declare folioCuota varchar(20);
  declare nombreServicio varchar(100);
  declare op int;  
  declare parametro double;
  declare importeCuota double;
  declare fechaTarifa  varchar(10);
  DECLARE v_consumo double;
  DECLARE v_baseCNATerreno double;
  DECLARE v_BCNA double;
  DECLARE v_preliminar double;
  DECLARE v_excedente double;
  DECLARE v_costo double;
  DECLARE calculoExcedente double;

    
    declare cur cursor for SELECT id_medidor,base_cna FROM gestion_granjas.cat_medidores  where estatus='A'
		AND id_medidor NOT IN(
		SELECT ID_FACTOR FROM gestion_granjas.kardex_servicios WHERE id_servicio=3
		AND PERIODO=p_periodo AND ANIO=p_anio AND TIPO_PAGO=3 AND ESTATUS='S');
	DECLARE CONTINUE HANDLER FOR NOT FOUND SET done = TRUE;
      
      -- ******************************************************** 
      -- Se ejecuta proceso de actualizacion de tarifas
      
      call gestion_granjas.sp_prc_actualizaTarifaMTO();
      
       -- ********************************************************
	  -- Se ejecuta proceso de traspaso de cuotas (Vigentes - Vencidas)
	  -- ********************************************************
       UPDATE kardex_servicios SET ETSTAUS='V' WHERE ID_SERVICIO=3 AND ESTATUS='A';
       
      
  -- *************************************************************
  -- **** Se obtiene el folio del Pago
  -- *************************************************************
  select IFNULL(max(folio),0)+1 into folioPago from gestion_granjas.pagos_anticipos;
  
  -- *************************************************************
  -- **** Se obtiene datos del servicio
  -- *************************************************************
    select folio, trim(servicio) into folioCuota,nombreServicio from gestion_granjas.cat_servicios
   where id_servicio=3;
  
  
  if(folioPago=0) then
	 
     SET folioPago=1;
  end if;
  -- *************************************************************
  -- **** Se obtiene datos de la tarifa de mantenimiento
  -- *************************************************************
	set fechaTarifa=CONCAT(p_anio,'-',LPAD(p_periodo,2,'0'),"-01");
        
     SELECT TIPO,VALOR INTO op,parametro FROM gestion_granjas.tarifas_mantenimiento
			where fecha_aplicacion=(
						SELECT MAX(FECHA_APLICACION) FROM gestion_granjas.tarifas_mantenimiento
						WHERE fecha_aplicacion<=fechaTarifa
					-- 	and estatus <>'I'
						);

	SELECT valor INTO v_BCNA FROM gestion_granjas.cat_parametros where code_param='param_BCNA';
                        
    -- Se abre cursor
	OPEN cur;
 
 
	 read_loop: LOOP
		FETCH cur INTO v_medidor,v_baseCNATerreno;
	   
		IF done THEN
		  LEAVE read_loop;
		END IF;
        
        SELECT lectura into v_consumo  FROM gestion_granjas.reg_lecturas where  id_medidor=v_medidor 
        and estatus='A' and periodo=p_periodo and anio=p_anio;
        
        
        
         SET v_preliminar= v_baseCNATerreno * v_BCNA;
         SET v_excedente= v_consumo - v_baseCNATerreno;
         
           SELECT costo into v_costo FROM gestion_granjas.excedente WHERE ID= (SELECT MIN(ID) FROM gestion_granjas.excedente
								WHERE ESTATUS='A' and (rangoIni>=v_excedente and v_excedente<=rangoFin)) ;
     
         SET calculoExcedente= v_excedente * v_costo;
         SET importeCuota= v_preliminar +calculoExcedente ;
		 -- Cuota fija
         /* IF(op=1) THEN        
			SET importeCuota=parametro;
		   END IF;
        
        -- Cuota calculada
			IF(op=2) THEN        
				SET importeCuota= parametro * metrosCuadrados;		
			END IF;
            */
	 -- Se registra kardex de cuotas cubiertas
		insert into gestion_granjas.kardex_servicios(folio, folio_pago, id_factor, id_servicio, importe, 
		servicio,periodo,anio, estatus,  fecha_registro)
		VALUES(folioCuota,0,v_medidor,3,TRUNCATE(importeCuota,2) ,nombreServicio,p_periodo,p_anio,'A',NOW());
		
	  END LOOP;

	  CLOSE cur;
        
        SET respuesta=TRUE;
        INSERT INTO gestion_granjas.bitacora_cuotas (periodo,anio,fecha_registro,usuario_registro,servicio)
        values(p_periodo,p_anio,now(),p_usr,3);
END ;;
DELIMITER ;
/*!50003 SET sql_mode              = @saved_sql_mode */ ;
/*!50003 SET character_set_client  = @saved_cs_client */ ;
/*!50003 SET character_set_results = @saved_cs_results */ ;
/*!50003 SET collation_connection  = @saved_col_connection */ ;
/*!50003 DROP PROCEDURE IF EXISTS `sp_frm_PrcCuotas_AddCuotaMA` */;
/*!50003 SET @saved_cs_client      = @@character_set_client */ ;
/*!50003 SET @saved_cs_results     = @@character_set_results */ ;
/*!50003 SET @saved_col_connection = @@collation_connection */ ;
/*!50003 SET character_set_client  = utf8 */ ;
/*!50003 SET character_set_results = utf8 */ ;
/*!50003 SET collation_connection  = utf8_general_ci */ ;
/*!50003 SET @saved_sql_mode       = @@sql_mode */ ;
/*!50003 SET sql_mode              = 'STRICT_TRANS_TABLES,NO_AUTO_CREATE_USER,NO_ENGINE_SUBSTITUTION' */ ;
DELIMITER ;;
CREATE DEFINER=`root`@`localhost` PROCEDURE `sp_frm_PrcCuotas_AddCuotaMA`( 
	IN p_periodo VARCHAR(2),
	IN p_anio VARCHAR(4),
    IN p_usr varchar(20),
    OUT respuesta boolean)
BEGIN

  DECLARE done INT DEFAULT FALSE;
  DECLARE v_lote int;
  declare folioPago int default 0;
  declare folioCuota varchar(20);
  declare nombreServicio varchar(100);
  declare op int;  
  declare parametro double;
  declare importeCuota double;
  declare fechaTarifa  varchar(10);

    
    declare cur cursor for SELECT id_lote FROM gestion_granjas.cat_lotes  where estatus='A'
		AND ID_LOTE NOT IN(
		SELECT ID_FACTOR FROM gestion_granjas.kardex_servicios WHERE id_servicio=2
		AND PERIODO=p_periodo AND ANIO=p_anio AND TIPO_PAGO=3 AND ESTATUS='S');
	DECLARE CONTINUE HANDLER FOR NOT FOUND SET done = TRUE;
      
      -- ******************************************************** 
      -- Se ejecuta proceso de actualizacion de tarifas
	  -- ********************************************************
      call gestion_granjas.sp_prc_actualizaTarifaMTO();

	  -- ********************************************************
	  -- Se ejecuta proceso de traspaso de cuotas (Vigentes - Vencidas)
	  -- ********************************************************
       UPDATE kardex_servicios SET ETSTAUS='V' WHERE ID_SERVICIO=2 AND ESTATUS='A';
       
       
  -- *************************************************************
  -- **** Se obtiene el folio del Pago
  -- *************************************************************
  select IFNULL(max(folio),0)+1 into folioPago from gestion_granjas.pagos_anticipos;
  
  -- *************************************************************
  -- **** Se obtiene datos del servicio
  -- *************************************************************
    select folio, trim(servicio) into folioCuota,nombreServicio from gestion_granjas.cat_servicios
   where id_servicio=2;
  
  
  if(folioPago=0) then
	 
     SET folioPago=1;
  end if;
  -- *************************************************************
  -- **** Se obtiene datos de la tarifa de mantenimiento
  -- *************************************************************
	set fechaTarifa=CONCAT(p_anio,'-',LPAD(p_periodo,2,'0'),"-01");
        
     SELECT TIPO,VALOR INTO op,parametro FROM gestion_granjas.tarifas_mantenimiento
			where fecha_aplicacion=(
						SELECT MAX(FECHA_APLICACION) FROM gestion_granjas.tarifas_mantenimiento
						WHERE fecha_aplicacion<=fechaTarifa
					-- 	and estatus <>'I'
						);

                        
    -- Se abre cursor
	OPEN cur;
 
 
	 read_loop: LOOP
		FETCH cur INTO v_lote;
	   
		IF done THEN
		  LEAVE read_loop;
		END IF;
		 -- Cuota fija
          IF(op=1) THEN        
			SET importeCuota=parametro;
		   END IF;
        
        -- Cuota calculada
			IF(op=2) THEN        
				SET importeCuota= parametro * metrosCuadrados;		
			END IF;
            
	 -- Se registra kardex de cuotas cubiertas
		insert into gestion_granjas.kardex_servicios(folio, folio_pago, id_factor, id_servicio, importe, 
		servicio,periodo,anio, estatus,  fecha_registro)
		VALUES(folioCuota,0,v_lote,2,importeCuota,nombreServicio,p_periodo,p_anio,'A',NOW());
		
	  END LOOP;

	  CLOSE cur;
        
        SET respuesta=TRUE;
        INSERT INTO gestion_granjas.bitacora_cuotas (periodo,anio,fecha_registro,usuario_registro,servicio)
        values(p_periodo,p_anio,now(),p_usr,2);
END ;;
DELIMITER ;
/*!50003 SET sql_mode              = @saved_sql_mode */ ;
/*!50003 SET character_set_client  = @saved_cs_client */ ;
/*!50003 SET character_set_results = @saved_cs_results */ ;
/*!50003 SET collation_connection  = @saved_col_connection */ ;
/*!50003 DROP PROCEDURE IF EXISTS `sp_frm_PrcCuotas_CPeriodo` */;
/*!50003 SET @saved_cs_client      = @@character_set_client */ ;
/*!50003 SET @saved_cs_results     = @@character_set_results */ ;
/*!50003 SET @saved_col_connection = @@collation_connection */ ;
/*!50003 SET character_set_client  = utf8 */ ;
/*!50003 SET character_set_results = utf8 */ ;
/*!50003 SET collation_connection  = utf8_general_ci */ ;
/*!50003 SET @saved_sql_mode       = @@sql_mode */ ;
/*!50003 SET sql_mode              = 'STRICT_TRANS_TABLES,NO_AUTO_CREATE_USER,NO_ENGINE_SUBSTITUTION' */ ;
DELIMITER ;;
CREATE DEFINER=`root`@`localhost` PROCEDURE `sp_frm_PrcCuotas_CPeriodo`(in op int, in p_servicio int)
BEGIN


  -- Declare 
  DECLARE v_anio varchar(4);
  set v_anio='2016';
  SELECT ANIO into v_anio FROM gestion_granjas.cat_anio WHERE ESTATUS='A';
  
  
	if(op=1) then

		SELECT periodo,descripcion FROM gestion_granjas.cat_periodos
		where CAST(date_format(concat(v_anio,'-',periodo,'-01'), '%c') AS SIGNED) >
			ifnull(CAST(( SELECT (CASE WHEN MAX(CAST( date_format(concat(anio,'-',periodo,'-01'), '%c' ) AS SIGNED )) =12
						then 0 ELSE MAX(CAST( date_format(concat(anio,'-',periodo,'-01'), '%c' ) AS SIGNED )) END)
					FROM gestion_granjas.bitacora_cuotas 
                    WHERE ANIO=(	select anio from gestion_granjas.cat_anio where estatus='A')
                    and servicio=p_servicio
				) AS SIGNED),0) ;
        
	end if;
    if(op=2) then

		SELECT anio,anio FROM gestion_granjas.cat_anio WHERE ESTATUS='A';
        
	end if;


END ;;
DELIMITER ;
/*!50003 SET sql_mode              = @saved_sql_mode */ ;
/*!50003 SET character_set_client  = @saved_cs_client */ ;
/*!50003 SET character_set_results = @saved_cs_results */ ;
/*!50003 SET collation_connection  = @saved_col_connection */ ;
/*!50003 DROP PROCEDURE IF EXISTS `sp_frm_PrcCuotas_ValidaLecturas` */;
/*!50003 SET @saved_cs_client      = @@character_set_client */ ;
/*!50003 SET @saved_cs_results     = @@character_set_results */ ;
/*!50003 SET @saved_col_connection = @@collation_connection */ ;
/*!50003 SET character_set_client  = utf8 */ ;
/*!50003 SET character_set_results = utf8 */ ;
/*!50003 SET collation_connection  = utf8_general_ci */ ;
/*!50003 SET @saved_sql_mode       = @@sql_mode */ ;
/*!50003 SET sql_mode              = 'STRICT_TRANS_TABLES,NO_AUTO_CREATE_USER,NO_ENGINE_SUBSTITUTION' */ ;
DELIMITER ;;
CREATE DEFINER=`root`@`localhost` PROCEDURE `sp_frm_PrcCuotas_ValidaLecturas`(
	in p_periodo varchar(2), in p_anio varchar(4), out pResultado boolean)
BEGIN


  -- Declare 
  DECLARE valida int;
  
  SELECT count(*) into valida FROM gestion_granjas.reg_lecturas 
  where   estatus='A' and periodo=p_periodo and anio=p_anio;
  
  if(valida>0) then
	SET pResultado =true;
    else	
    SET pResultado =false;
  end if;

END ;;
DELIMITER ;
/*!50003 SET sql_mode              = @saved_sql_mode */ ;
/*!50003 SET character_set_client  = @saved_cs_client */ ;
/*!50003 SET character_set_results = @saved_cs_results */ ;
/*!50003 SET collation_connection  = @saved_col_connection */ ;
/*!50003 DROP PROCEDURE IF EXISTS `sp_prc_actualizaTarifaMTO` */;
/*!50003 SET @saved_cs_client      = @@character_set_client */ ;
/*!50003 SET @saved_cs_results     = @@character_set_results */ ;
/*!50003 SET @saved_col_connection = @@collation_connection */ ;
/*!50003 SET character_set_client  = utf8 */ ;
/*!50003 SET character_set_results = utf8 */ ;
/*!50003 SET collation_connection  = utf8_general_ci */ ;
/*!50003 SET @saved_sql_mode       = @@sql_mode */ ;
/*!50003 SET sql_mode              = 'STRICT_TRANS_TABLES,NO_AUTO_CREATE_USER,NO_ENGINE_SUBSTITUTION' */ ;
DELIMITER ;;
CREATE DEFINER=`root`@`localhost` PROCEDURE `sp_prc_actualizaTarifaMTO`()
BEGIN
	DECLARE valida int Default 0;
    DECLARE v_Act_fechaApl Date;
	DECLARE v_Pend_fechaApl Date;


	SELECT (CASE WHEN NOW()>=MIN(FECHA_APLICACION) THEN 1 ELSE 0 END) 
	into valida
	FROM gestion_granjas.tarifas_mantenimiento WHERE ESTATUS='P';

	if(valida>0) then
    
     SELECT FECHA_APLICACION
	into v_Act_fechaApl
	FROM gestion_granjas.tarifas_mantenimiento WHERE ESTATUS='A';
    
    SELECT MIN(FECHA_APLICACION) 
	into v_Pend_fechaApl
	FROM gestion_granjas.tarifas_mantenimiento WHERE ESTATUS='P';
    
     -- Actualiza tarifa actual   a estatus Inactiva
     UPDATE gestion_granjas.tarifas_mantenimiento SET  ESTATUS='I'
     WHERE ESTATUS='A' AND FECHA_APLICACION=v_Act_fechaApl;  
     
     
    -- Actualiza tarifa proxima pendiente a Activa
    UPDATE gestion_granjas.tarifas_mantenimiento SET  ESTATUS='A'
     WHERE ESTATUS='P' AND FECHA_APLICACION=v_Pend_fechaApl;
     
     

	end if;
END ;;
DELIMITER ;
/*!50003 SET sql_mode              = @saved_sql_mode */ ;
/*!50003 SET character_set_client  = @saved_cs_client */ ;
/*!50003 SET character_set_results = @saved_cs_results */ ;
/*!50003 SET collation_connection  = @saved_col_connection */ ;
/*!50003 DROP PROCEDURE IF EXISTS `sp_principal_busca_perfil` */;
/*!50003 SET @saved_cs_client      = @@character_set_client */ ;
/*!50003 SET @saved_cs_results     = @@character_set_results */ ;
/*!50003 SET @saved_col_connection = @@collation_connection */ ;
/*!50003 SET character_set_client  = utf8 */ ;
/*!50003 SET character_set_results = utf8 */ ;
/*!50003 SET collation_connection  = utf8_general_ci */ ;
/*!50003 SET @saved_sql_mode       = @@sql_mode */ ;
/*!50003 SET sql_mode              = 'STRICT_TRANS_TABLES,NO_AUTO_CREATE_USER,NO_ENGINE_SUBSTITUTION' */ ;
DELIMITER ;;
CREATE DEFINER=`root`@`localhost` PROCEDURE `sp_principal_busca_perfil`(
  IN in_perfil varchar(45),
  OUT resultado INT,
  OUT p_perfil INT,
  OUT p_desc_perfil varchar(50)
)
BEGIN


SELECT
  COUNT(*)
INTO
  resultado
FROM
  gestion_granjas.cat_perfiles
WHERE
	id_perfil = in_perfil;
  if (resultado=1) then
	SELECT a.id_perfil,descripcion as perfil into p_perfil,p_desc_perfil 
    from gestion_granjas.cat_perfiles a
    where  a.id_perfil = in_perfil;
  end if;
  
  
END ;;
DELIMITER ;
/*!50003 SET sql_mode              = @saved_sql_mode */ ;
/*!50003 SET character_set_client  = @saved_cs_client */ ;
/*!50003 SET character_set_results = @saved_cs_results */ ;
/*!50003 SET collation_connection  = @saved_col_connection */ ;
/*!50003 DROP PROCEDURE IF EXISTS `sp_principal_perfil_menu` */;
/*!50003 SET @saved_cs_client      = @@character_set_client */ ;
/*!50003 SET @saved_cs_results     = @@character_set_results */ ;
/*!50003 SET @saved_col_connection = @@collation_connection */ ;
/*!50003 SET character_set_client  = utf8 */ ;
/*!50003 SET character_set_results = utf8 */ ;
/*!50003 SET collation_connection  = utf8_general_ci */ ;
/*!50003 SET @saved_sql_mode       = @@sql_mode */ ;
/*!50003 SET sql_mode              = 'STRICT_TRANS_TABLES,NO_AUTO_CREATE_USER,NO_ENGINE_SUBSTITUTION' */ ;
DELIMITER ;;
CREATE DEFINER=`root`@`localhost` PROCEDURE `sp_principal_perfil_menu`(
  IN perfil int,
  in tp_modulo int,
  in relModulo int
  
)
BEGIN


  -- Declare the cursor

    SELECT
       a.id_modulo, ID_COMPONENTE
    FROM gestion_granjas.detalle_accesos a
    INNER JOIN gestion_granjas.cat_modulos b on a.id_modulo=b.id_modulo and estatus='A' AND TIPO_MODULO=tp_modulo and relacion=relModulo
    where id_perfil=perfil;


END ;;
DELIMITER ;
/*!50003 SET sql_mode              = @saved_sql_mode */ ;
/*!50003 SET character_set_client  = @saved_cs_client */ ;
/*!50003 SET character_set_results = @saved_cs_results */ ;
/*!50003 SET collation_connection  = @saved_col_connection */ ;
/*!50003 DROP PROCEDURE IF EXISTS `SP_TEST02` */;
/*!50003 SET @saved_cs_client      = @@character_set_client */ ;
/*!50003 SET @saved_cs_results     = @@character_set_results */ ;
/*!50003 SET @saved_col_connection = @@collation_connection */ ;
/*!50003 SET character_set_client  = utf8 */ ;
/*!50003 SET character_set_results = utf8 */ ;
/*!50003 SET collation_connection  = utf8_general_ci */ ;
/*!50003 SET @saved_sql_mode       = @@sql_mode */ ;
/*!50003 SET sql_mode              = 'STRICT_TRANS_TABLES,NO_AUTO_CREATE_USER,NO_ENGINE_SUBSTITUTION' */ ;
DELIMITER ;;
CREATE DEFINER=`root`@`localhost` PROCEDURE `SP_TEST02`(IN pColono INT,
IN pManzana int,
IN pLote int,
IN pMeses VARCHAR(100))
BEGIN
  declare texto text;
  declare delimitador char(1);
  declare pos int default 1;
  declare Str varchar(200);
  -- ----------------------------
  
  declare op int;  
  declare parametro double;
  declare metrosCuadrados double default 0;
  declare cuota double;
  declare fecha varchar(10);
  declare fechaTarifa  varchar(10);
  declare c int default 0;
  
  set delimitador=',';
  set texto =pMeses;
  
  SELECT metros_cuadrados into metrosCuadrados FROM gestion_granjas.cat_lotes
  where id_colono=pColono and id_manzana=pManzana and id_lote=pLote;
  
  -- ****************************************************
  -- ****		Cracion de tabla temporal
  -- ****************************************************
	drop table if exists tmpCuotas;
    CREATE TEMPORARY TABLE IF NOT EXISTS tmpCuotas (   id int(10) NOT NULL ,
		idColono varchar(50),
	  fechaCuota varchar(10) ,
      cuotaMA double	   
	) ;
  -- ********************************************************
 
 -- ******************************************************
 -- ***		Lectura de meses
 -- ******************************************************
 WHILE CHAR_LENGTH(texto) > 0 AND Pos > 0 DO
  SET pos = INSTR(texto, delimitador); 
  IF pos = 0 THEN 
     SET Str = texto; 
  ELSE 
     SET Str = LEFT(texto, pos - 1); 
  END IF; 
  
   IF TRIM(Str) != '' THEN 
   
		-- Armado de fechas
		set fecha=CONCAT('01/',LPAD(Str,2,'0'),"/16");
        set fechaTarifa=CONCAT('2016-',LPAD(Str,2,'0'),"-01");
        
        -- *************************************************************************
        -- **** Consulta de tarifa por periodo
        -- *************************************************************************
        SELECT TIPO,VALOR INTO op,parametro FROM gestion_granjas.tarifas_mantenimiento
			where fecha_aplicacion=(
						SELECT MAX(FECHA_APLICACION) FROM gestion_granjas.tarifas_mantenimiento
						WHERE fecha_aplicacion<=fechaTarifa
						and estatus <>'I'
						);
		-- **************************************************************************
       
       -- Cuota definida
        IF(op=1) THEN        
        SET cuota=parametro;
		END IF;
        
        -- Cuota calculada
        IF(op=2) THEN        
        SET cuota= parametro * metrosCuadrados;		
        END IF;
        
-- SELECT Str; 
	END IF; 
   
      SET texto = SUBSTRING(texto, pos + 1); 
	-- Contador
	set c =c+1;
    
    -- Se inserta la cuota por fecha del colono
     insert into  tmpCuotas(id,idColono,fechaCuota,cuotaMA) values(c,pColono,fechaTarifa,cuota);
     
  END WHILE;
  
  -- Consulta de cuotas calculadas
  select 'Cuotas de Mantenimiento', date_format(fechaCuota, '%b %Y'),TRUNCATE(cuotaMA,2)  from tmpCuotas order by id;

END ;;
DELIMITER ;
/*!50003 SET sql_mode              = @saved_sql_mode */ ;
/*!50003 SET character_set_client  = @saved_cs_client */ ;
/*!50003 SET character_set_results = @saved_cs_results */ ;
/*!50003 SET collation_connection  = @saved_col_connection */ ;
/*!40103 SET TIME_ZONE=@OLD_TIME_ZONE */;

/*!40101 SET SQL_MODE=@OLD_SQL_MODE */;
/*!40014 SET FOREIGN_KEY_CHECKS=@OLD_FOREIGN_KEY_CHECKS */;
/*!40014 SET UNIQUE_CHECKS=@OLD_UNIQUE_CHECKS */;
/*!40101 SET CHARACTER_SET_CLIENT=@OLD_CHARACTER_SET_CLIENT */;
/*!40101 SET CHARACTER_SET_RESULTS=@OLD_CHARACTER_SET_RESULTS */;
/*!40101 SET COLLATION_CONNECTION=@OLD_COLLATION_CONNECTION */;
/*!40111 SET SQL_NOTES=@OLD_SQL_NOTES */;

-- Dump completed on 2016-09-17 15:13:35
